client_order_id,present_in_cloud,present_in_edge,pending_cloud_sync,batch_id,diagnostic_status
v41-TC01-1-1-6cb57494,True,False,0,TC01-batch-20260822T180558-a2cc9e,cloud_only
v41-TC01-1-10-03de9070,True,False,0,TC01-batch-20260822T180558-a2cc9e,cloud_only
v41-TC01-1-11-2b24b4fb,True,False,0,TC01-batch-20260822T180558-a2cc9e,cloud_only
v41-TC01-1-12-07284974,True,False,0,TC01-batch-20260822T180558-a2cc9e,cloud_only
v41-TC01-1-13-a421e2fd,True,False,0,TC01-batch-20260822T180558-a2cc9e,cloud_only
v41-TC01-1-14-12e6a89f,True,False,0,TC01-batch-20260822T180558-a2cc9e,cloud_only
v41-TC01-1-15-9e9f29e8,True,False,0,TC01-batch-20260822T180558-a2cc9e,cloud_only
v41-TC01-1-16-21a91489,True,False,0,TC01-batch-20260822T180558-a2cc9e,cloud_only
v41-TC01-1-17-0515f033,True,False,0,TC01-batch-20260822T180558-a2cc9e,cloud_only
v41-TC01-1-18-3cd55f64,True,False,0,TC01-batch-20260822T180558-a2cc9e,cloud_only
v41-TC01-1-19-ae4d6ca8,True,False,0,TC01-batch-20260822T180558-a2cc9e,cloud_only
v41-TC01-1-2-2d496798,True,False,0,TC01-batch-20260822T180558-a2cc9e,cloud_only
v41-TC01-1-20-f5a5d5f8,True,False,0,TC01-batch-20260822T180558-a2cc9e,cloud_only
v41-TC01-1-21-d17a99c9,True,False,0,TC01-batch-20260822T180558-a2cc9e,cloud_only
v41-TC01-1-22-4fdcf002,True,False,0,TC01-batch-20260822T180558-a2cc9e,cloud_only
v41-TC01-1-23-4b985cb6,True,False,0,TC01-batch-20260822T180558-a2cc9e,cloud_only
v41-TC01-1-24-10e65cf5,True,False,0,TC01-batch-20260822T180558-a2cc9e,cloud_only
v41-TC01-1-25-09b4f3b6,True,False,0,TC01-batch-20260822T180558-a2cc9e,cloud_only
v41-TC01-1-26-05eefe23,True,False,0,TC01-batch-20260822T180558-a2cc9e,cloud_only
v41-TC01-1-27-a177c2d9,True,False,0,TC01-batch-20260822T180558-a2cc9e,cloud_only
v41-TC01-1-28-9050c834,True,False,0,TC01-batch-20260822T180558-a2cc9e,cloud_only
v41-TC01-1-29-079eb9d1,True,False,0,TC01-batch-20260822T180558-a2cc9e,cloud_only
v41-TC01-1-3-2443a7ec,True,False,0,TC01-batch-20260822T180558-a2cc9e,cloud_only
v41-TC01-1-30-a28cbee3,True,False,0,TC01-batch-20260822T180558-a2cc9e,cloud_only
v41-TC01-1-4-c2d7bcea,True,False,0,TC01-batch-20260822T180558-a2cc9e,cloud_only
v41-TC01-1-5-8dfa2ef1,True,False,0,TC01-batch-20260822T180558-a2cc9e,cloud_only
v41-TC01-1-6-c02773bb,True,False,0,TC01-batch-20260822T180558-a2cc9e,cloud_only
v41-TC01-1-7-a1a4f40f,True,False,0,TC01-batch-20260822T180558-a2cc9e,cloud_only
v41-TC01-1-8-8d5b13cc,True,False,0,TC01-batch-20260822T180558-a2cc9e,cloud_only
v41-TC01-1-9-54173037,True,False,0,TC01-batch-20260822T180558-a2cc9e,cloud_only
v41-TC01-10-1-c5edca0e,True,False,0,TC01-batch-20260822T180558-a2cc9e,cloud_only
v41-TC01-10-10-65be3260,True,False,0,TC01-batch-20260822T180558-a2cc9e,cloud_only
v41-TC01-10-11-fde0cf03,True,False,0,TC01-batch-20260822T180558-a2cc9e,cloud_only
v41-TC01-10-12-da97ba6f,True,False,0,TC01-batch-20260822T180558-a2cc9e,cloud_only
v41-TC01-10-13-9a806f73,True,False,0,TC01-batch-20260822T180558-a2cc9e,cloud_only
v41-TC01-10-14-9ff6a86f,True,False,0,TC01-batch-20260822T180558-a2cc9e,cloud_only
v41-TC01-10-15-839257c7,True,False,0,TC01-batch-20260822T180558-a2cc9e,cloud_only
v41-TC01-10-16-5bcdf74d,True,False,0,TC01-batch-20260822T180558-a2cc9e,cloud_only
v41-TC01-10-17-8030ed37,True,False,0,TC01-batch-20260822T180558-a2cc9e,cloud_only
v41-TC01-10-18-b2b4d84f,True,False,0,TC01-batch-20260822T180558-a2cc9e,cloud_only
v41-TC01-10-19-858f312e,True,False,0,TC01-batch-20260822T180558-a2cc9e,cloud_only
v41-TC01-10-2-ecafd1c1,True,False,0,TC01-batch-20260822T180558-a2cc9e,cloud_only
v41-TC01-10-20-9171581c,True,False,0,TC01-batch-20260822T180558-a2cc9e,cloud_only
v41-TC01-10-21-6657b26d,True,False,0,TC01-batch-20260822T180558-a2cc9e,cloud_only
v41-TC01-10-22-279d4615,True,False,0,TC01-batch-20260822T180558-a2cc9e,cloud_only
v41-TC01-10-23-a8c76e24,True,False,0,TC01-batch-20260822T180558-a2cc9e,cloud_only
v41-TC01-10-24-4d38042e,True,False,0,TC01-batch-20260822T180558-a2cc9e,cloud_only
v41-TC01-10-25-a5b9c1d3,True,False,0,TC01-batch-20260822T180558-a2cc9e,cloud_only
v41-TC01-10-26-3a42599b,True,False,0,TC01-batch-20260822T180558-a2cc9e,cloud_only
v41-TC01-10-27-4fca6759,True,False,0,TC01-batch-20260822T180558-a2cc9e,cloud_only
v41-TC01-10-28-4c904692,True,False,0,TC01-batch-20260822T180558-a2cc9e,cloud_only
v41-TC01-10-29-6dc66aff,True,False,0,TC01-batch-20260822T180558-a2cc9e,cloud_only
v41-TC01-10-3-b747e536,True,False,0,TC01-batch-20260822T180558-a2cc9e,cloud_only
v41-TC01-10-30-d65a4a50,True,False,0,TC01-batch-20260822T180558-a2cc9e,cloud_only
v41-TC01-10-4-c9008e79,True,False,0,TC01-batch-20260822T180558-a2cc9e,cloud_only
v41-TC01-10-5-ca60ba09,True,False,0,TC01-batch-20260822T180558-a2cc9e,cloud_only
v41-TC01-10-6-7cce8811,True,False,0,TC01-batch-20260822T180558-a2cc9e,cloud_only
v41-TC01-10-7-a94d49cc,True,False,0,TC01-batch-20260822T180558-a2cc9e,cloud_only
v41-TC01-10-8-8933e843,True,False,0,TC01-batch-20260822T180558-a2cc9e,cloud_only
v41-TC01-10-9-0de55975,True,False,0,TC01-batch-20260822T180558-a2cc9e,cloud_only
v41-TC01-2-1-18459757,True,False,0,TC01-batch-20260822T180558-a2cc9e,cloud_only
v41-TC01-2-10-f9e694db,True,False,0,TC01-batch-20260822T180558-a2cc9e,cloud_only
v41-TC01-2-11-b1656cf9,True,False,0,TC01-batch-20260822T180558-a2cc9e,cloud_only
v41-TC01-2-12-303c318b,True,False,0,TC01-batch-20260822T180558-a2cc9e,cloud_only
v41-TC01-2-13-3225a8ac,True,False,0,TC01-batch-20260822T180558-a2cc9e,cloud_only
v41-TC01-2-14-93d9a1f7,True,False,0,TC01-batch-20260822T180558-a2cc9e,cloud_only
v41-TC01-2-15-f30a4dd4,True,False,0,TC01-batch-20260822T180558-a2cc9e,cloud_only
v41-TC01-2-16-add0e070,True,False,0,TC01-batch-20260822T180558-a2cc9e,cloud_only
v41-TC01-2-17-c68d6956,True,False,0,TC01-batch-20260822T180558-a2cc9e,cloud_only
v41-TC01-2-18-f4cfff74,True,False,0,TC01-batch-20260822T180558-a2cc9e,cloud_only
v41-TC01-2-19-65e436b7,True,False,0,TC01-batch-20260822T180558-a2cc9e,cloud_only
v41-TC01-2-2-4ca8585e,True,False,0,TC01-batch-20260822T180558-a2cc9e,cloud_only
v41-TC01-2-20-91eb9126,True,False,0,TC01-batch-20260822T180558-a2cc9e,cloud_only
v41-TC01-2-21-35f8caa5,True,False,0,TC01-batch-20260822T180558-a2cc9e,cloud_only
v41-TC01-2-22-14b62199,True,False,0,TC01-batch-20260822T180558-a2cc9e,cloud_only
v41-TC01-2-23-7ea7536f,True,False,0,TC01-batch-20260822T180558-a2cc9e,cloud_only
v41-TC01-2-24-775e9b05,True,False,0,TC01-batch-20260822T180558-a2cc9e,cloud_only
v41-TC01-2-25-8088bfdb,True,False,0,TC01-batch-20260822T180558-a2cc9e,cloud_only
v41-TC01-2-26-3fda72cb,True,False,0,TC01-batch-20260822T180558-a2cc9e,cloud_only
v41-TC01-2-27-898bb49e,True,False,0,TC01-batch-20260822T180558-a2cc9e,cloud_only
v41-TC01-2-28-dd5caa83,True,False,0,TC01-batch-20260822T180558-a2cc9e,cloud_only
v41-TC01-2-29-e3fa8435,True,False,0,TC01-batch-20260822T180558-a2cc9e,cloud_only
v41-TC01-2-3-ef65a11f,True,False,0,TC01-batch-20260822T180558-a2cc9e,cloud_only
v41-TC01-2-30-1e2df213,True,False,0,TC01-batch-20260822T180558-a2cc9e,cloud_only
v41-TC01-2-4-66da3735,True,False,0,TC01-batch-20260822T180558-a2cc9e,cloud_only
v41-TC01-2-5-5ed173e2,True,False,0,TC01-batch-20260822T180558-a2cc9e,cloud_only
v41-TC01-2-6-e2d6af64,True,False,0,TC01-batch-20260822T180558-a2cc9e,cloud_only
v41-TC01-2-7-9bb47a8f,True,False,0,TC01-batch-20260822T180558-a2cc9e,cloud_only
v41-TC01-2-8-c157cc39,True,False,0,TC01-batch-20260822T180558-a2cc9e,cloud_only
v41-TC01-2-9-b3d83ade,True,False,0,TC01-batch-20260822T180558-a2cc9e,cloud_only
v41-TC01-3-1-19baef18,True,False,0,TC01-batch-20260822T180558-a2cc9e,cloud_only
v41-TC01-3-10-9a6bd72f,True,False,0,TC01-batch-20260822T180558-a2cc9e,cloud_only
v41-TC01-3-11-4e206ced,True,False,0,TC01-batch-20260822T180558-a2cc9e,cloud_only
v41-TC01-3-12-00848e35,True,False,0,TC01-batch-20260822T180558-a2cc9e,cloud_only
v41-TC01-3-13-2503ab39,True,False,0,TC01-batch-20260822T180558-a2cc9e,cloud_only
v41-TC01-3-14-2e0b8fd1,True,False,0,TC01-batch-20260822T180558-a2cc9e,cloud_only
v41-TC01-3-15-f9042215,True,False,0,TC01-batch-20260822T180558-a2cc9e,cloud_only
v41-TC01-3-16-d86d7498,True,False,0,TC01-batch-20260822T180558-a2cc9e,cloud_only
v41-TC01-3-17-635824cf,True,False,0,TC01-batch-20260822T180558-a2cc9e,cloud_only
v41-TC01-3-18-70f8ef94,True,False,0,TC01-batch-20260822T180558-a2cc9e,cloud_only
v41-TC01-3-19-f3586c39,True,False,0,TC01-batch-20260822T180558-a2cc9e,cloud_only
v41-TC01-3-2-600deaa9,True,False,0,TC01-batch-20260822T180558-a2cc9e,cloud_only
v41-TC01-3-20-ad7e19ba,True,False,0,TC01-batch-20260822T180558-a2cc9e,cloud_only
v41-TC01-3-21-502875d6,True,False,0,TC01-batch-20260822T180558-a2cc9e,cloud_only
v41-TC01-3-22-f43ea9b6,True,False,0,TC01-batch-20260822T180558-a2cc9e,cloud_only
v41-TC01-3-23-c996cb53,True,False,0,TC01-batch-20260822T180558-a2cc9e,cloud_only
v41-TC01-3-24-50aa5936,True,False,0,TC01-batch-20260822T180558-a2cc9e,cloud_only
v41-TC01-3-25-dc517949,True,False,0,TC01-batch-20260822T180558-a2cc9e,cloud_only
v41-TC01-3-26-6ee4813e,True,False,0,TC01-batch-20260822T180558-a2cc9e,cloud_only
v41-TC01-3-27-d1cf6c62,True,False,0,TC01-batch-20260822T180558-a2cc9e,cloud_only
v41-TC01-3-28-6f5031bc,True,False,0,TC01-batch-20260822T180558-a2cc9e,cloud_only
v41-TC01-3-29-a1df7ba0,True,False,0,TC01-batch-20260822T180558-a2cc9e,cloud_only
v41-TC01-3-3-e5da9ab2,True,False,0,TC01-batch-20260822T180558-a2cc9e,cloud_only
v41-TC01-3-30-b49be65a,True,False,0,TC01-batch-20260822T180558-a2cc9e,cloud_only
v41-TC01-3-4-9afc6468,True,False,0,TC01-batch-20260822T180558-a2cc9e,cloud_only
v41-TC01-3-5-2a49b8b2,True,False,0,TC01-batch-20260822T180558-a2cc9e,cloud_only
v41-TC01-3-6-c8d3b43d,True,False,0,TC01-batch-20260822T180558-a2cc9e,cloud_only
v41-TC01-3-7-aad9e782,True,False,0,TC01-batch-20260822T180558-a2cc9e,cloud_only
v41-TC01-3-8-982bd7b5,True,False,0,TC01-batch-20260822T180558-a2cc9e,cloud_only
v41-TC01-3-9-3793595d,True,False,0,TC01-batch-20260822T180558-a2cc9e,cloud_only
v41-TC01-4-1-53c1d793,True,False,0,TC01-batch-20260822T180558-a2cc9e,cloud_only
v41-TC01-4-10-1fdbf49f,True,False,0,TC01-batch-20260822T180558-a2cc9e,cloud_only
v41-TC01-4-11-a70c9716,True,False,0,TC01-batch-20260822T180558-a2cc9e,cloud_only
v41-TC01-4-12-74b6ddca,True,False,0,TC01-batch-20260822T180558-a2cc9e,cloud_only
v41-TC01-4-13-b4ef8a4c,True,False,0,TC01-batch-20260822T180558-a2cc9e,cloud_only
v41-TC01-4-14-3513c8e4,True,False,0,TC01-batch-20260822T180558-a2cc9e,cloud_only
v41-TC01-4-15-0e6fb14e,True,False,0,TC01-batch-20260822T180558-a2cc9e,cloud_only
v41-TC01-4-16-dea83b2f,True,False,0,TC01-batch-20260822T180558-a2cc9e,cloud_only
v41-TC01-4-17-fa27509d,True,False,0,TC01-batch-20260822T180558-a2cc9e,cloud_only
v41-TC01-4-18-b94af1cf,True,False,0,TC01-batch-20260822T180558-a2cc9e,cloud_only
v41-TC01-4-19-37ab695c,True,False,0,TC01-batch-20260822T180558-a2cc9e,cloud_only
v41-TC01-4-2-b784f291,True,False,0,TC01-batch-20260822T180558-a2cc9e,cloud_only
v41-TC01-4-20-882e0cfb,True,False,0,TC01-batch-20260822T180558-a2cc9e,cloud_only
v41-TC01-4-21-e62ecb4f,True,False,0,TC01-batch-20260822T180558-a2cc9e,cloud_only
v41-TC01-4-22-f455e6eb,True,False,0,TC01-batch-20260822T180558-a2cc9e,cloud_only
v41-TC01-4-23-e5e270df,True,False,0,TC01-batch-20260822T180558-a2cc9e,cloud_only
v41-TC01-4-24-b9fa6ce9,True,False,0,TC01-batch-20260822T180558-a2cc9e,cloud_only
v41-TC01-4-25-84ad1c2e,True,False,0,TC01-batch-20260822T180558-a2cc9e,cloud_only
v41-TC01-4-26-bef351b4,True,False,0,TC01-batch-20260822T180558-a2cc9e,cloud_only
v41-TC01-4-27-28357312,True,False,0,TC01-batch-20260822T180558-a2cc9e,cloud_only
v41-TC01-4-28-e97bfb9d,True,False,0,TC01-batch-20260822T180558-a2cc9e,cloud_only
v41-TC01-4-29-4d575704,True,False,0,TC01-batch-20260822T180558-a2cc9e,cloud_only
v41-TC01-4-3-90950d0e,True,False,0,TC01-batch-20260822T180558-a2cc9e,cloud_only
v41-TC01-4-30-2f3e0078,True,False,0,TC01-batch-20260822T180558-a2cc9e,cloud_only
v41-TC01-4-4-6c8034df,True,False,0,TC01-batch-20260822T180558-a2cc9e,cloud_only
v41-TC01-4-5-435292b0,True,False,0,TC01-batch-20260822T180558-a2cc9e,cloud_only
v41-TC01-4-6-678d3e80,True,False,0,TC01-batch-20260822T180558-a2cc9e,cloud_only
v41-TC01-4-7-779cc39d,True,False,0,TC01-batch-20260822T180558-a2cc9e,cloud_only
v41-TC01-4-8-ea2f1e64,True,False,0,TC01-batch-20260822T180558-a2cc9e,cloud_only
v41-TC01-4-9-afa8fcc8,True,False,0,TC01-batch-20260822T180558-a2cc9e,cloud_only
v41-TC01-5-1-6e63a6d4,True,False,0,TC01-batch-20260822T180558-a2cc9e,cloud_only
v41-TC01-5-10-2e91bdb3,True,False,0,TC01-batch-20260822T180558-a2cc9e,cloud_only
v41-TC01-5-11-f57f72fb,True,False,0,TC01-batch-20260822T180558-a2cc9e,cloud_only
v41-TC01-5-12-a1b95587,True,False,0,TC01-batch-20260822T180558-a2cc9e,cloud_only
v41-TC01-5-13-bd9812c3,True,False,0,TC01-batch-20260822T180558-a2cc9e,cloud_only
v41-TC01-5-14-df8ab58e,True,False,0,TC01-batch-20260822T180558-a2cc9e,cloud_only
v41-TC01-5-15-f4c8588e,True,False,0,TC01-batch-20260822T180558-a2cc9e,cloud_only
v41-TC01-5-16-40de1776,True,False,0,TC01-batch-20260822T180558-a2cc9e,cloud_only
v41-TC01-5-17-e3f993b3,True,False,0,TC01-batch-20260822T180558-a2cc9e,cloud_only
v41-TC01-5-18-f31b7f51,True,False,0,TC01-batch-20260822T180558-a2cc9e,cloud_only
v41-TC01-5-19-ed9c0ee5,True,False,0,TC01-batch-20260822T180558-a2cc9e,cloud_only
v41-TC01-5-2-aea48a56,True,False,0,TC01-batch-20260822T180558-a2cc9e,cloud_only
v41-TC01-5-20-e158170b,True,False,0,TC01-batch-20260822T180558-a2cc9e,cloud_only
v41-TC01-5-21-68b30007,True,False,0,TC01-batch-20260822T180558-a2cc9e,cloud_only
v41-TC01-5-22-0474c93e,True,False,0,TC01-batch-20260822T180558-a2cc9e,cloud_only
v41-TC01-5-23-e9f468b1,True,False,0,TC01-batch-20260822T180558-a2cc9e,cloud_only
v41-TC01-5-24-a358de0e,True,False,0,TC01-batch-20260822T180558-a2cc9e,cloud_only
v41-TC01-5-25-6968187c,True,False,0,TC01-batch-20260822T180558-a2cc9e,cloud_only
v41-TC01-5-26-99672978,True,False,0,TC01-batch-20260822T180558-a2cc9e,cloud_only
v41-TC01-5-27-c74348a0,True,False,0,TC01-batch-20260822T180558-a2cc9e,cloud_only
v41-TC01-5-28-a816e64b,True,False,0,TC01-batch-20260822T180558-a2cc9e,cloud_only
v41-TC01-5-29-0b721c93,True,False,0,TC01-batch-20260822T180558-a2cc9e,cloud_only
v41-TC01-5-3-2bf89c6d,True,False,0,TC01-batch-20260822T180558-a2cc9e,cloud_only
v41-TC01-5-30-e312fca7,True,False,0,TC01-batch-20260822T180558-a2cc9e,cloud_only
v41-TC01-5-4-e2e844a0,True,False,0,TC01-batch-20260822T180558-a2cc9e,cloud_only
v41-TC01-5-5-fa9413fd,True,False,0,TC01-batch-20260822T180558-a2cc9e,cloud_only
v41-TC01-5-6-098efd8d,True,False,0,TC01-batch-20260822T180558-a2cc9e,cloud_only
v41-TC01-5-7-a1eb0c16,True,False,0,TC01-batch-20260822T180558-a2cc9e,cloud_only
v41-TC01-5-8-6ed458c8,True,False,0,TC01-batch-20260822T180558-a2cc9e,cloud_only
v41-TC01-5-9-295e62ce,True,False,0,TC01-batch-20260822T180558-a2cc9e,cloud_only
v41-TC01-6-1-fbf05c98,True,False,0,TC01-batch-20260822T180558-a2cc9e,cloud_only
v41-TC01-6-10-534a53d5,True,False,0,TC01-batch-20260822T180558-a2cc9e,cloud_only
v41-TC01-6-11-25c0bb36,True,False,0,TC01-batch-20260822T180558-a2cc9e,cloud_only
v41-TC01-6-12-0f5bfe0e,True,False,0,TC01-batch-20260822T180558-a2cc9e,cloud_only
v41-TC01-6-13-16bd1ade,True,False,0,TC01-batch-20260822T180558-a2cc9e,cloud_only
v41-TC01-6-14-aa7cae85,True,False,0,TC01-batch-20260822T180558-a2cc9e,cloud_only
v41-TC01-6-15-952499f0,True,False,0,TC01-batch-20260822T180558-a2cc9e,cloud_only
v41-TC01-6-16-821ce342,True,False,0,TC01-batch-20260822T180558-a2cc9e,cloud_only
v41-TC01-6-17-35ae40d3,True,False,0,TC01-batch-20260822T180558-a2cc9e,cloud_only
v41-TC01-6-18-c5fc1e36,True,False,0,TC01-batch-20260822T180558-a2cc9e,cloud_only
v41-TC01-6-19-812990bd,True,False,0,TC01-batch-20260822T180558-a2cc9e,cloud_only
v41-TC01-6-2-439543dd,True,False,0,TC01-batch-20260822T180558-a2cc9e,cloud_only
v41-TC01-6-20-7169ca87,True,False,0,TC01-batch-20260822T180558-a2cc9e,cloud_only
v41-TC01-6-21-183a9341,True,False,0,TC01-batch-20260822T180558-a2cc9e,cloud_only
v41-TC01-6-22-94ab6ffd,True,False,0,TC01-batch-20260822T180558-a2cc9e,cloud_only
v41-TC01-6-23-57c56713,True,False,0,TC01-batch-20260822T180558-a2cc9e,cloud_only
v41-TC01-6-24-5a11c570,True,False,0,TC01-batch-20260822T180558-a2cc9e,cloud_only
v41-TC01-6-25-8cf828bd,True,False,0,TC01-batch-20260822T180558-a2cc9e,cloud_only
v41-TC01-6-26-45144c8c,True,False,0,TC01-batch-20260822T180558-a2cc9e,cloud_only
v41-TC01-6-27-f2a55c0a,True,False,0,TC01-batch-20260822T180558-a2cc9e,cloud_only
v41-TC01-6-28-27e36bcc,True,False,0,TC01-batch-20260822T180558-a2cc9e,cloud_only
v41-TC01-6-29-e8c74be3,True,False,0,TC01-batch-20260822T180558-a2cc9e,cloud_only
v41-TC01-6-3-cf5226e3,True,False,0,TC01-batch-20260822T180558-a2cc9e,cloud_only
v41-TC01-6-30-4a64e0c7,True,False,0,TC01-batch-20260822T180558-a2cc9e,cloud_only
v41-TC01-6-4-866957f8,True,False,0,TC01-batch-20260822T180558-a2cc9e,cloud_only
v41-TC01-6-5-adaae983,True,False,0,TC01-batch-20260822T180558-a2cc9e,cloud_only
v41-TC01-6-6-460db189,True,False,0,TC01-batch-20260822T180558-a2cc9e,cloud_only
v41-TC01-6-7-a7d243d0,True,False,0,TC01-batch-20260822T180558-a2cc9e,cloud_only
v41-TC01-6-8-2eb18a62,True,False,0,TC01-batch-20260822T180558-a2cc9e,cloud_only
v41-TC01-6-9-dafd50aa,True,False,0,TC01-batch-20260822T180558-a2cc9e,cloud_only
v41-TC01-7-1-4058e8cc,True,False,0,TC01-batch-20260822T180558-a2cc9e,cloud_only
v41-TC01-7-10-6a04ec7f,True,False,0,TC01-batch-20260822T180558-a2cc9e,cloud_only
v41-TC01-7-11-dd8c7309,True,False,0,TC01-batch-20260822T180558-a2cc9e,cloud_only
v41-TC01-7-12-eb66895a,True,False,0,TC01-batch-20260822T180558-a2cc9e,cloud_only
v41-TC01-7-13-b91da500,True,False,0,TC01-batch-20260822T180558-a2cc9e,cloud_only
v41-TC01-7-14-87ccac88,True,False,0,TC01-batch-20260822T180558-a2cc9e,cloud_only
v41-TC01-7-15-b57232e1,True,False,0,TC01-batch-20260822T180558-a2cc9e,cloud_only
v41-TC01-7-16-fdf499ee,True,False,0,TC01-batch-20260822T180558-a2cc9e,cloud_only
v41-TC01-7-17-ca92a7f5,True,False,0,TC01-batch-20260822T180558-a2cc9e,cloud_only
v41-TC01-7-18-23d482fa,True,False,0,TC01-batch-20260822T180558-a2cc9e,cloud_only
v41-TC01-7-19-5cdb4ac6,True,False,0,TC01-batch-20260822T180558-a2cc9e,cloud_only
v41-TC01-7-2-78b814d5,True,False,0,TC01-batch-20260822T180558-a2cc9e,cloud_only
v41-TC01-7-20-9b5eca83,True,False,0,TC01-batch-20260822T180558-a2cc9e,cloud_only
v41-TC01-7-21-82591c84,True,False,0,TC01-batch-20260822T180558-a2cc9e,cloud_only
v41-TC01-7-22-129b1812,True,False,0,TC01-batch-20260822T180558-a2cc9e,cloud_only
v41-TC01-7-23-36252ae7,True,False,0,TC01-batch-20260822T180558-a2cc9e,cloud_only
v41-TC01-7-24-4c2de9b7,True,False,0,TC01-batch-20260822T180558-a2cc9e,cloud_only
v41-TC01-7-25-a278654b,True,False,0,TC01-batch-20260822T180558-a2cc9e,cloud_only
v41-TC01-7-26-028ee17e,True,False,0,TC01-batch-20260822T180558-a2cc9e,cloud_only
v41-TC01-7-27-2bd4daed,True,False,0,TC01-batch-20260822T180558-a2cc9e,cloud_only
v41-TC01-7-28-408202fd,True,False,0,TC01-batch-20260822T180558-a2cc9e,cloud_only
v41-TC01-7-29-74656870,True,False,0,TC01-batch-20260822T180558-a2cc9e,cloud_only
v41-TC01-7-3-95ca25e9,True,False,0,TC01-batch-20260822T180558-a2cc9e,cloud_only
v41-TC01-7-30-b46e8a89,True,False,0,TC01-batch-20260822T180558-a2cc9e,cloud_only
v41-TC01-7-4-ec1f6c63,True,False,0,TC01-batch-20260822T180558-a2cc9e,cloud_only
v41-TC01-7-5-7c3e1c6f,True,False,0,TC01-batch-20260822T180558-a2cc9e,cloud_only
v41-TC01-7-6-ff3ceb49,True,False,0,TC01-batch-20260822T180558-a2cc9e,cloud_only
v41-TC01-7-7-74b39fe5,True,False,0,TC01-batch-20260822T180558-a2cc9e,cloud_only
v41-TC01-7-8-3e3b7312,True,False,0,TC01-batch-20260822T180558-a2cc9e,cloud_only
v41-TC01-7-9-b5e79711,True,False,0,TC01-batch-20260822T180558-a2cc9e,cloud_only
v41-TC01-8-1-8aeac07a,True,False,0,TC01-batch-20260822T180558-a2cc9e,cloud_only
v41-TC01-8-10-f5ed7e91,True,False,0,TC01-batch-20260822T180558-a2cc9e,cloud_only
v41-TC01-8-11-095a224d,True,False,0,TC01-batch-20260822T180558-a2cc9e,cloud_only
v41-TC01-8-12-f27e2a9b,True,False,0,TC01-batch-20260822T180558-a2cc9e,cloud_only
v41-TC01-8-13-3666678f,True,False,0,TC01-batch-20260822T180558-a2cc9e,cloud_only
v41-TC01-8-14-93ad77ed,True,False,0,TC01-batch-20260822T180558-a2cc9e,cloud_only
v41-TC01-8-15-a40a48ff,True,False,0,TC01-batch-20260822T180558-a2cc9e,cloud_only
v41-TC01-8-16-8b13e0eb,True,False,0,TC01-batch-20260822T180558-a2cc9e,cloud_only
v41-TC01-8-17-10333e02,True,False,0,TC01-batch-20260822T180558-a2cc9e,cloud_only
v41-TC01-8-18-138d1ba0,True,False,0,TC01-batch-20260822T180558-a2cc9e,cloud_only
v41-TC01-8-19-36cf78e6,True,False,0,TC01-batch-20260822T180558-a2cc9e,cloud_only
v41-TC01-8-2-25e40d5c,True,False,0,TC01-batch-20260822T180558-a2cc9e,cloud_only
v41-TC01-8-20-d190607e,True,False,0,TC01-batch-20260822T180558-a2cc9e,cloud_only
v41-TC01-8-21-1383c283,True,False,0,TC01-batch-20260822T180558-a2cc9e,cloud_only
v41-TC01-8-22-ac12980a,True,False,0,TC01-batch-20260822T180558-a2cc9e,cloud_only
v41-TC01-8-23-37ac8ed4,True,False,0,TC01-batch-20260822T180558-a2cc9e,cloud_only
v41-TC01-8-24-69a0ccb0,True,False,0,TC01-batch-20260822T180558-a2cc9e,cloud_only
v41-TC01-8-25-e466fd10,True,False,0,TC01-batch-20260822T180558-a2cc9e,cloud_only
v41-TC01-8-26-de236977,True,False,0,TC01-batch-20260822T180558-a2cc9e,cloud_only
v41-TC01-8-27-fa23e9de,True,False,0,TC01-batch-20260822T180558-a2cc9e,cloud_only
v41-TC01-8-28-b84504ad,True,False,0,TC01-batch-20260822T180558-a2cc9e,cloud_only
v41-TC01-8-29-bd229f7d,True,False,0,TC01-batch-20260822T180558-a2cc9e,cloud_only
v41-TC01-8-3-cd42f41f,True,False,0,TC01-batch-20260822T180558-a2cc9e,cloud_only
v41-TC01-8-30-bfd4e417,True,False,0,TC01-batch-20260822T180558-a2cc9e,cloud_only
v41-TC01-8-4-ca439837,True,False,0,TC01-batch-20260822T180558-a2cc9e,cloud_only
v41-TC01-8-5-9cb09292,True,False,0,TC01-batch-20260822T180558-a2cc9e,cloud_only
v41-TC01-8-6-05cd8811,True,False,0,TC01-batch-20260822T180558-a2cc9e,cloud_only
v41-TC01-8-7-99d7855b,True,False,0,TC01-batch-20260822T180558-a2cc9e,cloud_only
v41-TC01-8-8-a68e5c26,True,False,0,TC01-batch-20260822T180558-a2cc9e,cloud_only
v41-TC01-8-9-b0d0b408,True,False,0,TC01-batch-20260822T180558-a2cc9e,cloud_only
v41-TC01-9-1-d0adf79f,True,False,0,TC01-batch-20260822T180558-a2cc9e,cloud_only
v41-TC01-9-10-9871f942,True,False,0,TC01-batch-20260822T180558-a2cc9e,cloud_only
v41-TC01-9-11-1927073e,True,False,0,TC01-batch-20260822T180558-a2cc9e,cloud_only
v41-TC01-9-12-27fae249,True,False,0,TC01-batch-20260822T180558-a2cc9e,cloud_only
v41-TC01-9-13-cd7e31a6,True,False,0,TC01-batch-20260822T180558-a2cc9e,cloud_only
v41-TC01-9-14-202b9f11,True,False,0,TC01-batch-20260822T180558-a2cc9e,cloud_only
v41-TC01-9-15-3e6d580b,True,False,0,TC01-batch-20260822T180558-a2cc9e,cloud_only
v41-TC01-9-16-f9a74da3,True,False,0,TC01-batch-20260822T180558-a2cc9e,cloud_only
v41-TC01-9-17-0859b1d0,True,False,0,TC01-batch-20260822T180558-a2cc9e,cloud_only
v41-TC01-9-18-97e4343c,True,False,0,TC01-batch-20260822T180558-a2cc9e,cloud_only
v41-TC01-9-19-3b82321c,True,False,0,TC01-batch-20260822T180558-a2cc9e,cloud_only
v41-TC01-9-2-4361541a,True,False,0,TC01-batch-20260822T180558-a2cc9e,cloud_only
v41-TC01-9-20-a0f73be5,True,False,0,TC01-batch-20260822T180558-a2cc9e,cloud_only
v41-TC01-9-21-61baafc0,True,False,0,TC01-batch-20260822T180558-a2cc9e,cloud_only
v41-TC01-9-22-dd418a90,True,False,0,TC01-batch-20260822T180558-a2cc9e,cloud_only
v41-TC01-9-23-9dd98bf5,True,False,0,TC01-batch-20260822T180558-a2cc9e,cloud_only
v41-TC01-9-24-e5f8dd10,True,False,0,TC01-batch-20260822T180558-a2cc9e,cloud_only
v41-TC01-9-25-52327621,True,False,0,TC01-batch-20260822T180558-a2cc9e,cloud_only
v41-TC01-9-26-d8f7c049,True,False,0,TC01-batch-20260822T180558-a2cc9e,cloud_only
v41-TC01-9-27-6a94638c,True,False,0,TC01-batch-20260822T180558-a2cc9e,cloud_only
v41-TC01-9-28-82198dec,True,False,0,TC01-batch-20260822T180558-a2cc9e,cloud_only
v41-TC01-9-29-e1916d52,True,False,0,TC01-batch-20260822T180558-a2cc9e,cloud_only
v41-TC01-9-3-c89d00f6,True,False,0,TC01-batch-20260822T180558-a2cc9e,cloud_only
v41-TC01-9-30-d0a69629,True,False,0,TC01-batch-20260822T180558-a2cc9e,cloud_only
v41-TC01-9-4-1cf1b11c,True,False,0,TC01-batch-20260822T180558-a2cc9e,cloud_only
v41-TC01-9-5-89006d91,True,False,0,TC01-batch-20260822T180558-a2cc9e,cloud_only
v41-TC01-9-6-9d67b191,True,False,0,TC01-batch-20260822T180558-a2cc9e,cloud_only
v41-TC01-9-7-bd14cf27,True,False,0,TC01-batch-20260822T180558-a2cc9e,cloud_only
v41-TC01-9-8-0a4c3b49,True,False,0,TC01-batch-20260822T180558-a2cc9e,cloud_only
v41-TC01-9-9-8a8fab3d,True,False,0,TC01-batch-20260822T180558-a2cc9e,cloud_only
v41-TC02-1-1-c7fb0e0a,True,True,0,TC02-batch-20260822T180830-a18476,matched_and_synced
v41-TC02-1-10-8bef7205,True,True,0,TC02-batch-20260822T180830-a18476,matched_and_synced
v41-TC02-1-11-66f7d1ce,True,True,0,TC02-batch-20260822T180830-a18476,matched_and_synced
v41-TC02-1-12-8aae46fd,True,True,0,TC02-batch-20260822T180830-a18476,matched_and_synced
v41-TC02-1-13-b76ea03e,True,True,0,TC02-batch-20260822T180830-a18476,matched_and_synced
v41-TC02-1-14-9d3425c6,True,True,0,TC02-batch-20260822T180830-a18476,matched_and_synced
v41-TC02-1-15-202738e3,True,True,0,TC02-batch-20260822T180830-a18476,matched_and_synced
v41-TC02-1-16-fac3921e,True,True,0,TC02-batch-20260822T180830-a18476,matched_and_synced
v41-TC02-1-17-b96ccce4,True,True,0,TC02-batch-20260822T180830-a18476,matched_and_synced
v41-TC02-1-18-3732861a,True,True,0,TC02-batch-20260822T180830-a18476,matched_and_synced
v41-TC02-1-19-68e89750,True,True,0,TC02-batch-20260822T180830-a18476,matched_and_synced
v41-TC02-1-2-11b995bd,True,True,0,TC02-batch-20260822T180830-a18476,matched_and_synced
v41-TC02-1-20-848a7f7b,True,True,0,TC02-batch-20260822T180830-a18476,matched_and_synced
v41-TC02-1-21-411950a5,True,True,0,TC02-batch-20260822T180830-a18476,matched_and_synced
v41-TC02-1-22-9a20c5af,True,True,0,TC02-batch-20260822T180830-a18476,matched_and_synced
v41-TC02-1-23-8f7a5edd,True,True,0,TC02-batch-20260822T180830-a18476,matched_and_synced
v41-TC02-1-24-9632eefa,True,True,0,TC02-batch-20260822T180830-a18476,matched_and_synced
v41-TC02-1-25-1be40dd7,True,True,0,TC02-batch-20260822T180830-a18476,matched_and_synced
v41-TC02-1-26-af058ea9,True,True,0,TC02-batch-20260822T180830-a18476,matched_and_synced
v41-TC02-1-27-9bc15343,True,True,0,TC02-batch-20260822T180830-a18476,matched_and_synced
v41-TC02-1-28-6d0fd98b,True,True,0,TC02-batch-20260822T180830-a18476,matched_and_synced
v41-TC02-1-29-1e538b95,True,True,0,TC02-batch-20260822T180830-a18476,matched_and_synced
v41-TC02-1-3-85e004bf,True,True,0,TC02-batch-20260822T180830-a18476,matched_and_synced
v41-TC02-1-30-fbba9b4e,True,True,0,TC02-batch-20260822T180830-a18476,matched_and_synced
v41-TC02-1-4-4cab05fe,True,True,0,TC02-batch-20260822T180830-a18476,matched_and_synced
v41-TC02-1-5-5894e404,True,True,0,TC02-batch-20260822T180830-a18476,matched_and_synced
v41-TC02-1-6-918384b9,True,True,0,TC02-batch-20260822T180830-a18476,matched_and_synced
v41-TC02-1-7-d1917717,True,True,0,TC02-batch-20260822T180830-a18476,matched_and_synced
v41-TC02-1-8-dbf20b43,True,True,0,TC02-batch-20260822T180830-a18476,matched_and_synced
v41-TC02-1-9-83cfa2d2,True,True,0,TC02-batch-20260822T180830-a18476,matched_and_synced
v41-TC02-10-1-80820833,True,True,0,TC02-batch-20260822T180830-a18476,matched_and_synced
v41-TC02-10-10-3309bbde,True,True,0,TC02-batch-20260822T180830-a18476,matched_and_synced
v41-TC02-10-11-7f9d356d,True,True,0,TC02-batch-20260822T180830-a18476,matched_and_synced
v41-TC02-10-12-aa42ee52,True,True,0,TC02-batch-20260822T180830-a18476,matched_and_synced
v41-TC02-10-13-0f48b3bf,True,True,0,TC02-batch-20260822T180830-a18476,matched_and_synced
v41-TC02-10-14-027d505e,True,True,0,TC02-batch-20260822T180830-a18476,matched_and_synced
v41-TC02-10-15-dc4be8dc,True,True,0,TC02-batch-20260822T180830-a18476,matched_and_synced
v41-TC02-10-16-2470d27d,True,True,0,TC02-batch-20260822T180830-a18476,matched_and_synced
v41-TC02-10-17-2b872bfc,True,True,0,TC02-batch-20260822T180830-a18476,matched_and_synced
v41-TC02-10-18-5218ccd7,True,True,0,TC02-batch-20260822T180830-a18476,matched_and_synced
v41-TC02-10-19-1cee470e,True,True,0,TC02-batch-20260822T180830-a18476,matched_and_synced
v41-TC02-10-2-c863cfde,True,True,0,TC02-batch-20260822T180830-a18476,matched_and_synced
v41-TC02-10-20-e07f55cf,True,True,0,TC02-batch-20260822T180830-a18476,matched_and_synced
v41-TC02-10-21-cf0f0971,True,True,0,TC02-batch-20260822T180830-a18476,matched_and_synced
v41-TC02-10-22-f989816a,True,True,0,TC02-batch-20260822T180830-a18476,matched_and_synced
v41-TC02-10-23-d8ad7d39,True,True,0,TC02-batch-20260822T180830-a18476,matched_and_synced
v41-TC02-10-24-721690bc,True,True,0,TC02-batch-20260822T180830-a18476,matched_and_synced
v41-TC02-10-25-67ecf3e6,True,True,0,TC02-batch-20260822T180830-a18476,matched_and_synced
v41-TC02-10-26-fdd0d6ac,True,True,0,TC02-batch-20260822T180830-a18476,matched_and_synced
v41-TC02-10-27-6625e925,True,True,0,TC02-batch-20260822T180830-a18476,matched_and_synced
v41-TC02-10-28-91ab3658,True,True,0,TC02-batch-20260822T180830-a18476,matched_and_synced
v41-TC02-10-29-92805557,True,True,0,TC02-batch-20260822T180830-a18476,matched_and_synced
v41-TC02-10-3-dc01bbba,True,True,0,TC02-batch-20260822T180830-a18476,matched_and_synced
v41-TC02-10-30-afc61005,True,True,0,TC02-batch-20260822T180830-a18476,matched_and_synced
v41-TC02-10-4-21baaa5e,True,True,0,TC02-batch-20260822T180830-a18476,matched_and_synced
v41-TC02-10-5-640996e8,True,True,0,TC02-batch-20260822T180830-a18476,matched_and_synced
v41-TC02-10-6-3dbae722,True,True,0,TC02-batch-20260822T180830-a18476,matched_and_synced
v41-TC02-10-7-dfb68697,True,True,0,TC02-batch-20260822T180830-a18476,matched_and_synced
v41-TC02-10-8-ba9337ba,True,True,0,TC02-batch-20260822T180830-a18476,matched_and_synced
v41-TC02-10-9-1a2e17d7,True,True,0,TC02-batch-20260822T180830-a18476,matched_and_synced
v41-TC02-2-1-5ac495c2,True,True,0,TC02-batch-20260822T180830-a18476,matched_and_synced
v41-TC02-2-10-380f358c,True,True,0,TC02-batch-20260822T180830-a18476,matched_and_synced
v41-TC02-2-11-59ea859b,True,True,0,TC02-batch-20260822T180830-a18476,matched_and_synced
v41-TC02-2-12-f12bf356,True,True,0,TC02-batch-20260822T180830-a18476,matched_and_synced
v41-TC02-2-13-5f46b0b6,True,True,0,TC02-batch-20260822T180830-a18476,matched_and_synced
v41-TC02-2-14-cd654fb8,True,True,0,TC02-batch-20260822T180830-a18476,matched_and_synced
v41-TC02-2-15-b3b335e8,True,True,0,TC02-batch-20260822T180830-a18476,matched_and_synced
v41-TC02-2-16-74dbfa64,True,True,0,TC02-batch-20260822T180830-a18476,matched_and_synced
v41-TC02-2-17-8ea6d93a,True,True,0,TC02-batch-20260822T180830-a18476,matched_and_synced
v41-TC02-2-18-344f329e,True,True,0,TC02-batch-20260822T180830-a18476,matched_and_synced
v41-TC02-2-19-8a0c5837,True,True,0,TC02-batch-20260822T180830-a18476,matched_and_synced
v41-TC02-2-2-c58208a8,True,True,0,TC02-batch-20260822T180830-a18476,matched_and_synced
v41-TC02-2-20-a8ea86f8,True,True,0,TC02-batch-20260822T180830-a18476,matched_and_synced
v41-TC02-2-21-652279a9,True,True,0,TC02-batch-20260822T180830-a18476,matched_and_synced
v41-TC02-2-22-12f3791c,True,True,0,TC02-batch-20260822T180830-a18476,matched_and_synced
v41-TC02-2-23-e94ff8a9,True,True,0,TC02-batch-20260822T180830-a18476,matched_and_synced
v41-TC02-2-24-0994274c,True,True,0,TC02-batch-20260822T180830-a18476,matched_and_synced
v41-TC02-2-25-8507243c,True,True,0,TC02-batch-20260822T180830-a18476,matched_and_synced
v41-TC02-2-26-8da457cf,True,True,0,TC02-batch-20260822T180830-a18476,matched_and_synced
v41-TC02-2-27-834ff91e,True,True,0,TC02-batch-20260822T180830-a18476,matched_and_synced
v41-TC02-2-28-84d22eee,True,True,0,TC02-batch-20260822T180830-a18476,matched_and_synced
v41-TC02-2-29-6ddcdbe7,True,True,0,TC02-batch-20260822T180830-a18476,matched_and_synced
v41-TC02-2-3-504547f3,True,True,0,TC02-batch-20260822T180830-a18476,matched_and_synced
v41-TC02-2-30-a1b39423,True,True,0,TC02-batch-20260822T180830-a18476,matched_and_synced
v41-TC02-2-4-fddad731,True,True,0,TC02-batch-20260822T180830-a18476,matched_and_synced
v41-TC02-2-5-2666940a,True,True,0,TC02-batch-20260822T180830-a18476,matched_and_synced
v41-TC02-2-6-13f21a39,True,True,0,TC02-batch-20260822T180830-a18476,matched_and_synced
v41-TC02-2-7-2496a277,True,True,0,TC02-batch-20260822T180830-a18476,matched_and_synced
v41-TC02-2-8-6e3b8e83,True,True,0,TC02-batch-20260822T180830-a18476,matched_and_synced
v41-TC02-2-9-deb45237,True,True,0,TC02-batch-20260822T180830-a18476,matched_and_synced
v41-TC02-3-1-e77862f6,True,True,0,TC02-batch-20260822T180830-a18476,matched_and_synced
v41-TC02-3-10-42c9983d,True,True,0,TC02-batch-20260822T180830-a18476,matched_and_synced
v41-TC02-3-11-06b181cf,True,True,0,TC02-batch-20260822T180830-a18476,matched_and_synced
v41-TC02-3-12-b0fc99cb,True,True,0,TC02-batch-20260822T180830-a18476,matched_and_synced
v41-TC02-3-13-28920eea,True,True,0,TC02-batch-20260822T180830-a18476,matched_and_synced
v41-TC02-3-14-809d9541,True,True,0,TC02-batch-20260822T180830-a18476,matched_and_synced
v41-TC02-3-15-ce099e19,True,True,0,TC02-batch-20260822T180830-a18476,matched_and_synced
v41-TC02-3-16-7d0b692d,True,True,0,TC02-batch-20260822T180830-a18476,matched_and_synced
v41-TC02-3-17-fbee86bc,True,True,0,TC02-batch-20260822T180830-a18476,matched_and_synced
v41-TC02-3-18-2f7747ac,True,True,0,TC02-batch-20260822T180830-a18476,matched_and_synced
v41-TC02-3-19-c355f6b8,True,True,0,TC02-batch-20260822T180830-a18476,matched_and_synced
v41-TC02-3-2-9d48af42,True,True,0,TC02-batch-20260822T180830-a18476,matched_and_synced
v41-TC02-3-20-27ab0cb4,True,True,0,TC02-batch-20260822T180830-a18476,matched_and_synced
v41-TC02-3-21-aab61dfa,True,True,0,TC02-batch-20260822T180830-a18476,matched_and_synced
v41-TC02-3-22-e9c32983,True,True,0,TC02-batch-20260822T180830-a18476,matched_and_synced
v41-TC02-3-23-1328f4ec,True,True,0,TC02-batch-20260822T180830-a18476,matched_and_synced
v41-TC02-3-24-fec8ffe2,True,True,0,TC02-batch-20260822T180830-a18476,matched_and_synced
v41-TC02-3-25-d955c008,True,True,0,TC02-batch-20260822T180830-a18476,matched_and_synced
v41-TC02-3-26-bad8170f,True,True,0,TC02-batch-20260822T180830-a18476,matched_and_synced
v41-TC02-3-27-54eabea0,True,True,0,TC02-batch-20260822T180830-a18476,matched_and_synced
v41-TC02-3-28-0901945a,True,True,0,TC02-batch-20260822T180830-a18476,matched_and_synced
v41-TC02-3-29-334f79b1,True,True,0,TC02-batch-20260822T180830-a18476,matched_and_synced
v41-TC02-3-3-98a8d31d,True,True,0,TC02-batch-20260822T180830-a18476,matched_and_synced
v41-TC02-3-30-9c1eee38,True,True,0,TC02-batch-20260822T180830-a18476,matched_and_synced
v41-TC02-3-4-d61d415f,True,True,0,TC02-batch-20260822T180830-a18476,matched_and_synced
v41-TC02-3-5-3e46c075,True,True,0,TC02-batch-20260822T180830-a18476,matched_and_synced
v41-TC02-3-6-e0c7f569,True,True,0,TC02-batch-20260822T180830-a18476,matched_and_synced
v41-TC02-3-7-4919ef3b,True,True,0,TC02-batch-20260822T180830-a18476,matched_and_synced
v41-TC02-3-8-d64adbdd,True,True,0,TC02-batch-20260822T180830-a18476,matched_and_synced
v41-TC02-3-9-ff636bdf,True,True,0,TC02-batch-20260822T180830-a18476,matched_and_synced
v41-TC02-4-1-1120c5e8,True,True,0,TC02-batch-20260822T180830-a18476,matched_and_synced
v41-TC02-4-10-15baf453,True,True,0,TC02-batch-20260822T180830-a18476,matched_and_synced
v41-TC02-4-11-1cab2e17,True,True,0,TC02-batch-20260822T180830-a18476,matched_and_synced
v41-TC02-4-12-be789e4f,True,True,0,TC02-batch-20260822T180830-a18476,matched_and_synced
v41-TC02-4-13-27192493,True,True,0,TC02-batch-20260822T180830-a18476,matched_and_synced
v41-TC02-4-14-227f7853,True,True,0,TC02-batch-20260822T180830-a18476,matched_and_synced
v41-TC02-4-15-6d8622e4,True,True,0,TC02-batch-20260822T180830-a18476,matched_and_synced
v41-TC02-4-16-ffd10b0d,True,True,0,TC02-batch-20260822T180830-a18476,matched_and_synced
v41-TC02-4-17-b1da4f9d,True,True,0,TC02-batch-20260822T180830-a18476,matched_and_synced
v41-TC02-4-18-521a6d58,True,True,0,TC02-batch-20260822T180830-a18476,matched_and_synced
v41-TC02-4-19-817ce38e,True,True,0,TC02-batch-20260822T180830-a18476,matched_and_synced
v41-TC02-4-2-b62f9baf,True,True,0,TC02-batch-20260822T180830-a18476,matched_and_synced
v41-TC02-4-20-cfa355eb,True,True,0,TC02-batch-20260822T180830-a18476,matched_and_synced
v41-TC02-4-21-54cbd8c9,True,True,0,TC02-batch-20260822T180830-a18476,matched_and_synced
v41-TC02-4-22-7692563a,True,True,0,TC02-batch-20260822T180830-a18476,matched_and_synced
v41-TC02-4-23-e3332045,True,True,0,TC02-batch-20260822T180830-a18476,matched_and_synced
v41-TC02-4-24-3243faca,True,True,0,TC02-batch-20260822T180830-a18476,matched_and_synced
v41-TC02-4-25-9ef356a4,True,True,0,TC02-batch-20260822T180830-a18476,matched_and_synced
v41-TC02-4-26-7edc48f1,True,True,0,TC02-batch-20260822T180830-a18476,matched_and_synced
v41-TC02-4-27-65ffe866,True,True,0,TC02-batch-20260822T180830-a18476,matched_and_synced
v41-TC02-4-28-992f5e11,True,True,0,TC02-batch-20260822T180830-a18476,matched_and_synced
v41-TC02-4-29-db7062a5,True,True,0,TC02-batch-20260822T180830-a18476,matched_and_synced
v41-TC02-4-3-5e7155c4,True,True,0,TC02-batch-20260822T180830-a18476,matched_and_synced
v41-TC02-4-30-a2d34e96,True,True,0,TC02-batch-20260822T180830-a18476,matched_and_synced
v41-TC02-4-4-780d1d00,True,True,0,TC02-batch-20260822T180830-a18476,matched_and_synced
v41-TC02-4-5-afdded3f,True,True,0,TC02-batch-20260822T180830-a18476,matched_and_synced
v41-TC02-4-6-b9a56db6,True,True,0,TC02-batch-20260822T180830-a18476,matched_and_synced
v41-TC02-4-7-06f0b7ab,True,True,0,TC02-batch-20260822T180830-a18476,matched_and_synced
v41-TC02-4-8-00787e97,True,True,0,TC02-batch-20260822T180830-a18476,matched_and_synced
v41-TC02-4-9-dd0b616f,True,True,0,TC02-batch-20260822T180830-a18476,matched_and_synced
v41-TC02-5-1-9bc62000,True,True,0,TC02-batch-20260822T180830-a18476,matched_and_synced
v41-TC02-5-10-d886c059,True,True,0,TC02-batch-20260822T180830-a18476,matched_and_synced
v41-TC02-5-11-f3b20588,True,True,0,TC02-batch-20260822T180830-a18476,matched_and_synced
v41-TC02-5-12-5733f56b,True,True,0,TC02-batch-20260822T180830-a18476,matched_and_synced
v41-TC02-5-13-4c5c756a,True,True,0,TC02-batch-20260822T180830-a18476,matched_and_synced
v41-TC02-5-14-8d640dda,True,True,0,TC02-batch-20260822T180830-a18476,matched_and_synced
v41-TC02-5-15-3d6604db,True,True,0,TC02-batch-20260822T180830-a18476,matched_and_synced
v41-TC02-5-16-5ecd046b,True,True,0,TC02-batch-20260822T180830-a18476,matched_and_synced
v41-TC02-5-17-891e9167,True,True,0,TC02-batch-20260822T180830-a18476,matched_and_synced
v41-TC02-5-18-0eb3afbc,True,True,0,TC02-batch-20260822T180830-a18476,matched_and_synced
v41-TC02-5-19-9768ac2b,True,True,0,TC02-batch-20260822T180830-a18476,matched_and_synced
v41-TC02-5-2-9c3bcdef,True,True,0,TC02-batch-20260822T180830-a18476,matched_and_synced
v41-TC02-5-20-0b795201,True,True,0,TC02-batch-20260822T180830-a18476,matched_and_synced
v41-TC02-5-21-74c0fae1,True,True,0,TC02-batch-20260822T180830-a18476,matched_and_synced
v41-TC02-5-22-f8657c94,True,True,0,TC02-batch-20260822T180830-a18476,matched_and_synced
v41-TC02-5-23-0416c9f9,True,True,0,TC02-batch-20260822T180830-a18476,matched_and_synced
v41-TC02-5-24-f627dd07,True,True,0,TC02-batch-20260822T180830-a18476,matched_and_synced
v41-TC02-5-25-c49c8695,True,True,0,TC02-batch-20260822T180830-a18476,matched_and_synced
v41-TC02-5-26-0b63fd7c,True,True,0,TC02-batch-20260822T180830-a18476,matched_and_synced
v41-TC02-5-27-59b12eff,True,True,0,TC02-batch-20260822T180830-a18476,matched_and_synced
v41-TC02-5-28-449ccdb6,True,True,0,TC02-batch-20260822T180830-a18476,matched_and_synced
v41-TC02-5-29-6c8f81f5,True,True,0,TC02-batch-20260822T180830-a18476,matched_and_synced
v41-TC02-5-3-80ba5ed4,True,True,0,TC02-batch-20260822T180830-a18476,matched_and_synced
v41-TC02-5-30-dfdfc5e7,True,True,0,TC02-batch-20260822T180830-a18476,matched_and_synced
v41-TC02-5-4-48234f09,True,True,0,TC02-batch-20260822T180830-a18476,matched_and_synced
v41-TC02-5-5-70a22fab,True,True,0,TC02-batch-20260822T180830-a18476,matched_and_synced
v41-TC02-5-6-606ef3ec,True,True,0,TC02-batch-20260822T180830-a18476,matched_and_synced
v41-TC02-5-7-4c593b0f,True,True,0,TC02-batch-20260822T180830-a18476,matched_and_synced
v41-TC02-5-8-c04c7c02,True,True,0,TC02-batch-20260822T180830-a18476,matched_and_synced
v41-TC02-5-9-a60a3e45,True,True,0,TC02-batch-20260822T180830-a18476,matched_and_synced
v41-TC02-6-1-1f959a7d,True,True,0,TC02-batch-20260822T180830-a18476,matched_and_synced
v41-TC02-6-10-15addf24,True,True,0,TC02-batch-20260822T180830-a18476,matched_and_synced
v41-TC02-6-11-6b1af5f7,True,True,0,TC02-batch-20260822T180830-a18476,matched_and_synced
v41-TC02-6-12-2e24805b,True,True,0,TC02-batch-20260822T180830-a18476,matched_and_synced
v41-TC02-6-13-6f7d2752,True,True,0,TC02-batch-20260822T180830-a18476,matched_and_synced
v41-TC02-6-14-7d9af342,True,True,0,TC02-batch-20260822T180830-a18476,matched_and_synced
v41-TC02-6-15-947484a6,True,True,0,TC02-batch-20260822T180830-a18476,matched_and_synced
v41-TC02-6-16-2fd08f27,True,True,0,TC02-batch-20260822T180830-a18476,matched_and_synced
v41-TC02-6-17-db868a09,True,True,0,TC02-batch-20260822T180830-a18476,matched_and_synced
v41-TC02-6-18-96045c09,True,True,0,TC02-batch-20260822T180830-a18476,matched_and_synced
v41-TC02-6-19-571d7fbc,True,True,0,TC02-batch-20260822T180830-a18476,matched_and_synced
v41-TC02-6-2-04438dbf,True,True,0,TC02-batch-20260822T180830-a18476,matched_and_synced
v41-TC02-6-20-de15cccd,True,True,0,TC02-batch-20260822T180830-a18476,matched_and_synced
v41-TC02-6-21-786e1043,True,True,0,TC02-batch-20260822T180830-a18476,matched_and_synced
v41-TC02-6-22-0a5c3bfd,True,True,0,TC02-batch-20260822T180830-a18476,matched_and_synced
v41-TC02-6-23-48a35c5a,True,True,0,TC02-batch-20260822T180830-a18476,matched_and_synced
v41-TC02-6-24-166744ee,True,True,0,TC02-batch-20260822T180830-a18476,matched_and_synced
v41-TC02-6-25-e3a838a5,True,True,0,TC02-batch-20260822T180830-a18476,matched_and_synced
v41-TC02-6-26-79cd7c13,True,True,0,TC02-batch-20260822T180830-a18476,matched_and_synced
v41-TC02-6-27-b012a060,True,True,0,TC02-batch-20260822T180830-a18476,matched_and_synced
v41-TC02-6-28-d0a46f05,True,True,0,TC02-batch-20260822T180830-a18476,matched_and_synced
v41-TC02-6-29-c7b88871,True,True,0,TC02-batch-20260822T180830-a18476,matched_and_synced
v41-TC02-6-3-dcdc83c5,True,True,0,TC02-batch-20260822T180830-a18476,matched_and_synced
v41-TC02-6-30-062239dc,True,True,0,TC02-batch-20260822T180830-a18476,matched_and_synced
v41-TC02-6-4-6e2adcc2,True,True,0,TC02-batch-20260822T180830-a18476,matched_and_synced
v41-TC02-6-5-708d9081,True,True,0,TC02-batch-20260822T180830-a18476,matched_and_synced
v41-TC02-6-6-847025d1,True,True,0,TC02-batch-20260822T180830-a18476,matched_and_synced
v41-TC02-6-7-384c6785,True,True,0,TC02-batch-20260822T180830-a18476,matched_and_synced
v41-TC02-6-8-5c4b394e,True,True,0,TC02-batch-20260822T180830-a18476,matched_and_synced
v41-TC02-6-9-e0b67cc5,True,True,0,TC02-batch-20260822T180830-a18476,matched_and_synced
v41-TC02-7-1-801e0d7d,True,True,0,TC02-batch-20260822T180830-a18476,matched_and_synced
v41-TC02-7-10-c669af8b,True,True,0,TC02-batch-20260822T180830-a18476,matched_and_synced
v41-TC02-7-11-9a15c2f1,True,True,0,TC02-batch-20260822T180830-a18476,matched_and_synced
v41-TC02-7-12-1546ad40,True,True,0,TC02-batch-20260822T180830-a18476,matched_and_synced
v41-TC02-7-13-e967fc6a,True,True,0,TC02-batch-20260822T180830-a18476,matched_and_synced
v41-TC02-7-14-b5ed505e,True,True,0,TC02-batch-20260822T180830-a18476,matched_and_synced
v41-TC02-7-15-fdb59bfd,True,True,0,TC02-batch-20260822T180830-a18476,matched_and_synced
v41-TC02-7-16-23a4980b,True,True,0,TC02-batch-20260822T180830-a18476,matched_and_synced
v41-TC02-7-17-44972995,True,True,0,TC02-batch-20260822T180830-a18476,matched_and_synced
v41-TC02-7-18-11969e01,True,True,0,TC02-batch-20260822T180830-a18476,matched_and_synced
v41-TC02-7-19-c90e223a,True,True,0,TC02-batch-20260822T180830-a18476,matched_and_synced
v41-TC02-7-2-d6e9e508,True,True,0,TC02-batch-20260822T180830-a18476,matched_and_synced
v41-TC02-7-20-99bed5bb,True,True,0,TC02-batch-20260822T180830-a18476,matched_and_synced
v41-TC02-7-21-7e5dc8c2,True,True,0,TC02-batch-20260822T180830-a18476,matched_and_synced
v41-TC02-7-22-2c7c8ac0,True,True,0,TC02-batch-20260822T180830-a18476,matched_and_synced
v41-TC02-7-23-91379055,True,True,0,TC02-batch-20260822T180830-a18476,matched_and_synced
v41-TC02-7-24-73a892f3,True,True,0,TC02-batch-20260822T180830-a18476,matched_and_synced
v41-TC02-7-25-5adc0b6d,True,True,0,TC02-batch-20260822T180830-a18476,matched_and_synced
v41-TC02-7-26-5ff0c8b0,True,True,0,TC02-batch-20260822T180830-a18476,matched_and_synced
v41-TC02-7-27-27b376aa,True,True,0,TC02-batch-20260822T180830-a18476,matched_and_synced
v41-TC02-7-28-74c91ee0,True,True,0,TC02-batch-20260822T180830-a18476,matched_and_synced
v41-TC02-7-29-06842170,True,True,0,TC02-batch-20260822T180830-a18476,matched_and_synced
v41-TC02-7-3-f6fa4e4a,True,True,0,TC02-batch-20260822T180830-a18476,matched_and_synced
v41-TC02-7-30-8968a25e,True,True,0,TC02-batch-20260822T180830-a18476,matched_and_synced
v41-TC02-7-4-38736bf6,True,True,0,TC02-batch-20260822T180830-a18476,matched_and_synced
v41-TC02-7-5-0d5694ee,True,True,0,TC02-batch-20260822T180830-a18476,matched_and_synced
v41-TC02-7-6-acaf34ed,True,True,0,TC02-batch-20260822T180830-a18476,matched_and_synced
v41-TC02-7-7-ca48f460,True,True,0,TC02-batch-20260822T180830-a18476,matched_and_synced
v41-TC02-7-8-2b592704,True,True,0,TC02-batch-20260822T180830-a18476,matched_and_synced
v41-TC02-7-9-6cf713de,True,True,0,TC02-batch-20260822T180830-a18476,matched_and_synced
v41-TC02-8-1-04b20d22,True,True,0,TC02-batch-20260822T180830-a18476,matched_and_synced
v41-TC02-8-10-9897cb8f,True,True,0,TC02-batch-20260822T180830-a18476,matched_and_synced
v41-TC02-8-11-735038c5,True,True,0,TC02-batch-20260822T180830-a18476,matched_and_synced
v41-TC02-8-12-2a1699ab,True,True,0,TC02-batch-20260822T180830-a18476,matched_and_synced
v41-TC02-8-13-ccddf349,True,True,0,TC02-batch-20260822T180830-a18476,matched_and_synced
v41-TC02-8-14-c50417a6,True,True,0,TC02-batch-20260822T180830-a18476,matched_and_synced
v41-TC02-8-15-cc8aa17a,True,True,0,TC02-batch-20260822T180830-a18476,matched_and_synced
v41-TC02-8-16-812697c2,True,True,0,TC02-batch-20260822T180830-a18476,matched_and_synced
v41-TC02-8-17-af0c710c,True,True,0,TC02-batch-20260822T180830-a18476,matched_and_synced
v41-TC02-8-18-21dc031f,True,True,0,TC02-batch-20260822T180830-a18476,matched_and_synced
v41-TC02-8-19-ceba5d16,True,True,0,TC02-batch-20260822T180830-a18476,matched_and_synced
v41-TC02-8-2-d2c602f8,True,True,0,TC02-batch-20260822T180830-a18476,matched_and_synced
v41-TC02-8-20-f04d9c43,True,True,0,TC02-batch-20260822T180830-a18476,matched_and_synced
v41-TC02-8-21-3fc61428,True,True,0,TC02-batch-20260822T180830-a18476,matched_and_synced
v41-TC02-8-22-507cc6c5,True,True,0,TC02-batch-20260822T180830-a18476,matched_and_synced
v41-TC02-8-23-52ef8677,True,True,0,TC02-batch-20260822T180830-a18476,matched_and_synced
v41-TC02-8-24-c6e58ec4,True,True,0,TC02-batch-20260822T180830-a18476,matched_and_synced
v41-TC02-8-25-806c1f65,True,True,0,TC02-batch-20260822T180830-a18476,matched_and_synced
v41-TC02-8-26-7d08bacd,True,True,0,TC02-batch-20260822T180830-a18476,matched_and_synced
v41-TC02-8-27-37ab63c9,True,True,0,TC02-batch-20260822T180830-a18476,matched_and_synced
v41-TC02-8-28-f7713fe1,True,True,0,TC02-batch-20260822T180830-a18476,matched_and_synced
v41-TC02-8-29-46d3b264,True,True,0,TC02-batch-20260822T180830-a18476,matched_and_synced
v41-TC02-8-3-f44e96aa,True,True,0,TC02-batch-20260822T180830-a18476,matched_and_synced
v41-TC02-8-30-52977fff,True,True,0,TC02-batch-20260822T180830-a18476,matched_and_synced
v41-TC02-8-4-164c8cdd,True,True,0,TC02-batch-20260822T180830-a18476,matched_and_synced
v41-TC02-8-5-8cb46c1c,True,True,0,TC02-batch-20260822T180830-a18476,matched_and_synced
v41-TC02-8-6-d6b7ef60,True,True,0,TC02-batch-20260822T180830-a18476,matched_and_synced
v41-TC02-8-7-ae27b74d,True,True,0,TC02-batch-20260822T180830-a18476,matched_and_synced
v41-TC02-8-8-8c83660d,True,True,0,TC02-batch-20260822T180830-a18476,matched_and_synced
v41-TC02-8-9-13cdc8d0,True,True,0,TC02-batch-20260822T180830-a18476,matched_and_synced
v41-TC02-9-1-f3cf744a,True,True,0,TC02-batch-20260822T180830-a18476,matched_and_synced
v41-TC02-9-10-0835a372,True,True,0,TC02-batch-20260822T180830-a18476,matched_and_synced
v41-TC02-9-11-4a4d13d1,True,True,0,TC02-batch-20260822T180830-a18476,matched_and_synced
v41-TC02-9-12-1d934b50,True,True,0,TC02-batch-20260822T180830-a18476,matched_and_synced
v41-TC02-9-13-d5c3f9ae,True,True,0,TC02-batch-20260822T180830-a18476,matched_and_synced
v41-TC02-9-14-a62d1368,True,True,0,TC02-batch-20260822T180830-a18476,matched_and_synced
v41-TC02-9-15-3072d153,True,True,0,TC02-batch-20260822T180830-a18476,matched_and_synced
v41-TC02-9-16-43417ba8,True,True,0,TC02-batch-20260822T180830-a18476,matched_and_synced
v41-TC02-9-17-7477be6c,True,True,0,TC02-batch-20260822T180830-a18476,matched_and_synced
v41-TC02-9-18-2514d011,True,True,0,TC02-batch-20260822T180830-a18476,matched_and_synced
v41-TC02-9-19-226e9745,True,True,0,TC02-batch-20260822T180830-a18476,matched_and_synced
v41-TC02-9-2-28417610,True,True,0,TC02-batch-20260822T180830-a18476,matched_and_synced
v41-TC02-9-20-69862bcb,True,True,0,TC02-batch-20260822T180830-a18476,matched_and_synced
v41-TC02-9-21-2f797ab6,True,True,0,TC02-batch-20260822T180830-a18476,matched_and_synced
v41-TC02-9-22-a0d283be,True,True,0,TC02-batch-20260822T180830-a18476,matched_and_synced
v41-TC02-9-23-cf167d46,True,True,0,TC02-batch-20260822T180830-a18476,matched_and_synced
v41-TC02-9-24-906bdc96,True,True,0,TC02-batch-20260822T180830-a18476,matched_and_synced
v41-TC02-9-25-a0830409,True,True,0,TC02-batch-20260822T180830-a18476,matched_and_synced
v41-TC02-9-26-a37baa33,True,True,0,TC02-batch-20260822T180830-a18476,matched_and_synced
v41-TC02-9-27-16b2d8b6,True,True,0,TC02-batch-20260822T180830-a18476,matched_and_synced
v41-TC02-9-28-a1dc8bb4,True,True,0,TC02-batch-20260822T180830-a18476,matched_and_synced
v41-TC02-9-29-7d3421ba,True,True,0,TC02-batch-20260822T180830-a18476,matched_and_synced
v41-TC02-9-3-7937c9bc,True,True,0,TC02-batch-20260822T180830-a18476,matched_and_synced
v41-TC02-9-30-48e4d6e7,True,True,0,TC02-batch-20260822T180830-a18476,matched_and_synced
v41-TC02-9-4-c6f128d0,True,True,0,TC02-batch-20260822T180830-a18476,matched_and_synced
v41-TC02-9-5-790bfb75,True,True,0,TC02-batch-20260822T180830-a18476,matched_and_synced
v41-TC02-9-6-9069e002,True,True,0,TC02-batch-20260822T180830-a18476,matched_and_synced
v41-TC02-9-7-09d56976,True,True,0,TC02-batch-20260822T180830-a18476,matched_and_synced
v41-TC02-9-8-0bd88a0a,True,True,0,TC02-batch-20260822T180830-a18476,matched_and_synced
v41-TC02-9-9-5585714f,True,True,0,TC02-batch-20260822T180830-a18476,matched_and_synced
v41-TC07-1-1-2301fe9c,True,False,0,TC07-batch-20260822T184151-4d9be0,cloud_only
v41-TC07-1-1-51403923,True,True,0,TC07-batch-20260822T184151-4d9be0,matched_and_synced
v41-TC07-1-1-f4eeafbd,True,False,0,TC07-batch-20260822T184151-4d9be0,cloud_only
v41-TC07-1-10-3243d47d,True,True,0,TC07-batch-20260822T184151-4d9be0,matched_and_synced
v41-TC07-1-10-b6276130,True,False,0,TC07-batch-20260822T184151-4d9be0,cloud_only
v41-TC07-1-10-dc8e5f32,True,False,0,TC07-batch-20260822T184151-4d9be0,cloud_only
v41-TC07-1-2-03d5ab67,True,False,0,TC07-batch-20260822T184151-4d9be0,cloud_only
v41-TC07-1-2-08f50428,True,False,0,TC07-batch-20260822T184151-4d9be0,cloud_only
v41-TC07-1-2-a11365de,True,True,0,TC07-batch-20260822T184151-4d9be0,matched_and_synced
v41-TC07-1-3-415fbc01,True,True,0,TC07-batch-20260822T184151-4d9be0,matched_and_synced
v41-TC07-1-3-71a1ad92,True,False,0,TC07-batch-20260822T184151-4d9be0,cloud_only
v41-TC07-1-3-a7759ac1,True,False,0,TC07-batch-20260822T184151-4d9be0,cloud_only
v41-TC07-1-4-2f34cf9a,True,False,0,TC07-batch-20260822T184151-4d9be0,cloud_only
v41-TC07-1-4-dd62245f,True,True,0,TC07-batch-20260822T184151-4d9be0,matched_and_synced
v41-TC07-1-4-ee144610,True,False,0,TC07-batch-20260822T184151-4d9be0,cloud_only
v41-TC07-1-5-4573536e,True,False,0,TC07-batch-20260822T184151-4d9be0,cloud_only
v41-TC07-1-5-dbcebb76,True,True,0,TC07-batch-20260822T184151-4d9be0,matched_and_synced
v41-TC07-1-5-fed99e35,True,False,0,TC07-batch-20260822T184151-4d9be0,cloud_only
v41-TC07-1-6-21ba5120,True,False,0,TC07-batch-20260822T184151-4d9be0,cloud_only
v41-TC07-1-6-66405e0c,True,False,0,TC07-batch-20260822T184151-4d9be0,cloud_only
v41-TC07-1-6-e2d87258,True,True,0,TC07-batch-20260822T184151-4d9be0,matched_and_synced
v41-TC07-1-7-15bbbda3,True,False,0,TC07-batch-20260822T184151-4d9be0,cloud_only
v41-TC07-1-7-2dcf30a0,True,True,0,TC07-batch-20260822T184151-4d9be0,matched_and_synced
v41-TC07-1-7-9200477f,True,False,0,TC07-batch-20260822T184151-4d9be0,cloud_only
v41-TC07-1-8-3220bb57,True,False,0,TC07-batch-20260822T184151-4d9be0,cloud_only
v41-TC07-1-8-84f8b62b,True,False,0,TC07-batch-20260822T184151-4d9be0,cloud_only
v41-TC07-1-8-ff2a2d51,True,True,0,TC07-batch-20260822T184151-4d9be0,matched_and_synced
v41-TC07-1-9-46af2f6b,True,False,0,TC07-batch-20260822T184151-4d9be0,cloud_only
v41-TC07-1-9-833cea67,True,False,0,TC07-batch-20260822T184151-4d9be0,cloud_only
v41-TC07-1-9-f7a832dc,True,True,0,TC07-batch-20260822T184151-4d9be0,matched_and_synced
v41-TC07-10-1-00442695,True,True,0,TC07-batch-20260822T184151-4d9be0,matched_and_synced
v41-TC07-10-1-6aa207cc,True,False,0,TC07-batch-20260822T184151-4d9be0,cloud_only
v41-TC07-10-1-e581e752,True,False,0,TC07-batch-20260822T184151-4d9be0,cloud_only
v41-TC07-10-10-5fcd568f,True,True,0,TC07-batch-20260822T184151-4d9be0,matched_and_synced
v41-TC07-10-10-7dca3bf7,True,False,0,TC07-batch-20260822T184151-4d9be0,cloud_only
v41-TC07-10-10-999c8b05,True,False,0,TC07-batch-20260822T184151-4d9be0,cloud_only
v41-TC07-10-2-4a11b6d3,True,True,0,TC07-batch-20260822T184151-4d9be0,matched_and_synced
v41-TC07-10-2-5ba54449,True,False,0,TC07-batch-20260822T184151-4d9be0,cloud_only
v41-TC07-10-2-f9128e46,True,False,0,TC07-batch-20260822T184151-4d9be0,cloud_only
v41-TC07-10-3-34fbadb4,True,False,0,TC07-batch-20260822T184151-4d9be0,cloud_only
v41-TC07-10-3-8c2e7749,True,False,0,TC07-batch-20260822T184151-4d9be0,cloud_only
v41-TC07-10-3-f6860b6a,True,True,0,TC07-batch-20260822T184151-4d9be0,matched_and_synced
v41-TC07-10-4-705338d9,True,False,0,TC07-batch-20260822T184151-4d9be0,cloud_only
v41-TC07-10-4-7b9f8f12,True,False,0,TC07-batch-20260822T184151-4d9be0,cloud_only
v41-TC07-10-4-cb8cfbad,True,True,0,TC07-batch-20260822T184151-4d9be0,matched_and_synced
v41-TC07-10-5-21566d4a,True,False,0,TC07-batch-20260822T184151-4d9be0,cloud_only
v41-TC07-10-5-441dfd46,True,True,0,TC07-batch-20260822T184151-4d9be0,matched_and_synced
v41-TC07-10-5-b55ca74e,True,False,0,TC07-batch-20260822T184151-4d9be0,cloud_only
v41-TC07-10-6-472c6828,True,True,0,TC07-batch-20260822T184151-4d9be0,matched_and_synced
v41-TC07-10-6-9c393f81,True,False,0,TC07-batch-20260822T184151-4d9be0,cloud_only
v41-TC07-10-6-c7a223f8,True,False,0,TC07-batch-20260822T184151-4d9be0,cloud_only
v41-TC07-10-7-3e496857,True,False,0,TC07-batch-20260822T184151-4d9be0,cloud_only
v41-TC07-10-7-bc8218b5,True,False,0,TC07-batch-20260822T184151-4d9be0,cloud_only
v41-TC07-10-7-e6e0341a,True,True,0,TC07-batch-20260822T184151-4d9be0,matched_and_synced
v41-TC07-10-8-41e921cf,True,False,0,TC07-batch-20260822T184151-4d9be0,cloud_only
v41-TC07-10-8-5ea30f68,True,True,0,TC07-batch-20260822T184151-4d9be0,matched_and_synced
v41-TC07-10-8-65187cc8,True,False,0,TC07-batch-20260822T184151-4d9be0,cloud_only
v41-TC07-10-9-23c84a77,True,False,0,TC07-batch-20260822T184151-4d9be0,cloud_only
v41-TC07-10-9-b672b1f1,True,True,0,TC07-batch-20260822T184151-4d9be0,matched_and_synced
v41-TC07-10-9-ca32e640,True,False,0,TC07-batch-20260822T184151-4d9be0,cloud_only
v41-TC07-2-1-991a45bb,True,True,0,TC07-batch-20260822T184151-4d9be0,matched_and_synced
v41-TC07-2-1-d2b8ccbf,True,False,0,TC07-batch-20260822T184151-4d9be0,cloud_only
v41-TC07-2-1-e1948d93,True,False,0,TC07-batch-20260822T184151-4d9be0,cloud_only
v41-TC07-2-10-3382af47,True,False,0,TC07-batch-20260822T184151-4d9be0,cloud_only
v41-TC07-2-10-45717c91,True,True,0,TC07-batch-20260822T184151-4d9be0,matched_and_synced
v41-TC07-2-10-e737ada1,True,False,0,TC07-batch-20260822T184151-4d9be0,cloud_only
v41-TC07-2-2-b0b6dfa7,True,False,0,TC07-batch-20260822T184151-4d9be0,cloud_only
v41-TC07-2-2-d2d42e59,True,False,0,TC07-batch-20260822T184151-4d9be0,cloud_only
v41-TC07-2-2-f8463e1e,True,True,0,TC07-batch-20260822T184151-4d9be0,matched_and_synced
v41-TC07-2-3-121c6940,True,True,0,TC07-batch-20260822T184151-4d9be0,matched_and_synced
v41-TC07-2-3-20465882,True,False,0,TC07-batch-20260822T184151-4d9be0,cloud_only
v41-TC07-2-3-47f073e3,True,False,0,TC07-batch-20260822T184151-4d9be0,cloud_only
v41-TC07-2-4-2a025044,True,True,0,TC07-batch-20260822T184151-4d9be0,matched_and_synced
v41-TC07-2-4-c7053005,True,False,0,TC07-batch-20260822T184151-4d9be0,cloud_only
v41-TC07-2-4-dab0e3d3,True,False,0,TC07-batch-20260822T184151-4d9be0,cloud_only
v41-TC07-2-5-0dd43135,True,False,0,TC07-batch-20260822T184151-4d9be0,cloud_only
v41-TC07-2-5-c81b4aaa,True,False,0,TC07-batch-20260822T184151-4d9be0,cloud_only
v41-TC07-2-5-cc166fe7,True,True,0,TC07-batch-20260822T184151-4d9be0,matched_and_synced
v41-TC07-2-6-44415cf5,True,False,0,TC07-batch-20260822T184151-4d9be0,cloud_only
v41-TC07-2-6-4d5116d4,True,False,0,TC07-batch-20260822T184151-4d9be0,cloud_only
v41-TC07-2-6-8cc1f89f,True,True,0,TC07-batch-20260822T184151-4d9be0,matched_and_synced
v41-TC07-2-7-0cdc1284,True,True,0,TC07-batch-20260822T184151-4d9be0,matched_and_synced
v41-TC07-2-7-2513d749,True,False,0,TC07-batch-20260822T184151-4d9be0,cloud_only
v41-TC07-2-7-34b6de30,True,False,0,TC07-batch-20260822T184151-4d9be0,cloud_only
v41-TC07-2-8-75ede3ad,True,False,0,TC07-batch-20260822T184151-4d9be0,cloud_only
v41-TC07-2-8-ee9f87bc,True,False,0,TC07-batch-20260822T184151-4d9be0,cloud_only
v41-TC07-2-8-f9f332f3,True,True,0,TC07-batch-20260822T184151-4d9be0,matched_and_synced
v41-TC07-2-9-4f393c53,True,False,0,TC07-batch-20260822T184151-4d9be0,cloud_only
v41-TC07-2-9-72ca79e0,True,False,0,TC07-batch-20260822T184151-4d9be0,cloud_only
v41-TC07-2-9-94b42f34,True,True,0,TC07-batch-20260822T184151-4d9be0,matched_and_synced
v41-TC07-3-1-42773701,True,False,0,TC07-batch-20260822T184151-4d9be0,cloud_only
v41-TC07-3-1-553d8c2e,True,False,0,TC07-batch-20260822T184151-4d9be0,cloud_only
v41-TC07-3-1-ae5b2764,True,True,0,TC07-batch-20260822T184151-4d9be0,matched_and_synced
v41-TC07-3-10-21f7a1c7,True,False,0,TC07-batch-20260822T184151-4d9be0,cloud_only
v41-TC07-3-10-478583d3,True,False,0,TC07-batch-20260822T184151-4d9be0,cloud_only
v41-TC07-3-10-58360b6f,True,True,0,TC07-batch-20260822T184151-4d9be0,matched_and_synced
v41-TC07-3-2-0efa6038,True,False,0,TC07-batch-20260822T184151-4d9be0,cloud_only
v41-TC07-3-2-b9b6cdae,True,True,0,TC07-batch-20260822T184151-4d9be0,matched_and_synced
v41-TC07-3-2-ef48bbb4,True,False,0,TC07-batch-20260822T184151-4d9be0,cloud_only
v41-TC07-3-3-450e150b,True,False,0,TC07-batch-20260822T184151-4d9be0,cloud_only
v41-TC07-3-3-b1c7ff34,True,True,0,TC07-batch-20260822T184151-4d9be0,matched_and_synced
v41-TC07-3-3-ecbfa2be,True,False,0,TC07-batch-20260822T184151-4d9be0,cloud_only
v41-TC07-3-4-9c3e7e03,True,False,0,TC07-batch-20260822T184151-4d9be0,cloud_only
v41-TC07-3-4-c10a8c90,True,False,0,TC07-batch-20260822T184151-4d9be0,cloud_only
v41-TC07-3-4-fb223253,True,True,0,TC07-batch-20260822T184151-4d9be0,matched_and_synced
v41-TC07-3-5-72b185ba,True,False,0,TC07-batch-20260822T184151-4d9be0,cloud_only
v41-TC07-3-5-945eb68a,True,False,0,TC07-batch-20260822T184151-4d9be0,cloud_only
v41-TC07-3-5-bb1fcd40,True,True,0,TC07-batch-20260822T184151-4d9be0,matched_and_synced
v41-TC07-3-6-20b04260,True,False,0,TC07-batch-20260822T184151-4d9be0,cloud_only
v41-TC07-3-6-56049523,True,False,0,TC07-batch-20260822T184151-4d9be0,cloud_only
v41-TC07-3-6-d20cb109,True,True,0,TC07-batch-20260822T184151-4d9be0,matched_and_synced
v41-TC07-3-7-0522cda7,True,False,0,TC07-batch-20260822T184151-4d9be0,cloud_only
v41-TC07-3-7-ca53da79,True,True,0,TC07-batch-20260822T184151-4d9be0,matched_and_synced
v41-TC07-3-7-df75ac68,True,False,0,TC07-batch-20260822T184151-4d9be0,cloud_only
v41-TC07-3-8-dee13439,True,False,0,TC07-batch-20260822T184151-4d9be0,cloud_only
v41-TC07-3-8-e43f775b,True,False,0,TC07-batch-20260822T184151-4d9be0,cloud_only
v41-TC07-3-8-e698800c,True,True,0,TC07-batch-20260822T184151-4d9be0,matched_and_synced
v41-TC07-3-9-723630e8,True,False,0,TC07-batch-20260822T184151-4d9be0,cloud_only
v41-TC07-3-9-b0ebc089,True,False,0,TC07-batch-20260822T184151-4d9be0,cloud_only
v41-TC07-3-9-e08de69a,True,True,0,TC07-batch-20260822T184151-4d9be0,matched_and_synced
v41-TC07-4-1-2fd11276,True,False,0,TC07-batch-20260822T184151-4d9be0,cloud_only
v41-TC07-4-1-a6292236,True,False,0,TC07-batch-20260822T184151-4d9be0,cloud_only
v41-TC07-4-1-c068ec71,True,True,0,TC07-batch-20260822T184151-4d9be0,matched_and_synced
v41-TC07-4-10-3543028e,True,False,0,TC07-batch-20260822T184151-4d9be0,cloud_only
v41-TC07-4-10-b5f3ccab,True,False,0,TC07-batch-20260822T184151-4d9be0,cloud_only
v41-TC07-4-10-cccd0559,True,True,0,TC07-batch-20260822T184151-4d9be0,matched_and_synced
v41-TC07-4-2-11990c1b,True,False,0,TC07-batch-20260822T184151-4d9be0,cloud_only
v41-TC07-4-2-9d25a7f2,True,False,0,TC07-batch-20260822T184151-4d9be0,cloud_only
v41-TC07-4-2-d9021c37,True,True,0,TC07-batch-20260822T184151-4d9be0,matched_and_synced
v41-TC07-4-3-22cedca7,True,True,0,TC07-batch-20260822T184151-4d9be0,matched_and_synced
v41-TC07-4-3-31283b9e,True,False,0,TC07-batch-20260822T184151-4d9be0,cloud_only
v41-TC07-4-3-f52cbd0e,True,False,0,TC07-batch-20260822T184151-4d9be0,cloud_only
v41-TC07-4-4-32d1353d,True,False,0,TC07-batch-20260822T184151-4d9be0,cloud_only
v41-TC07-4-4-3d65ae45,True,True,0,TC07-batch-20260822T184151-4d9be0,matched_and_synced
v41-TC07-4-4-7b68b652,True,False,0,TC07-batch-20260822T184151-4d9be0,cloud_only
v41-TC07-4-5-b2fb57b6,True,True,0,TC07-batch-20260822T184151-4d9be0,matched_and_synced
v41-TC07-4-5-ba6a5946,True,False,0,TC07-batch-20260822T184151-4d9be0,cloud_only
v41-TC07-4-5-ea9befb1,True,False,0,TC07-batch-20260822T184151-4d9be0,cloud_only
v41-TC07-4-6-56d5e09d,True,False,0,TC07-batch-20260822T184151-4d9be0,cloud_only
v41-TC07-4-6-85e19c10,True,False,0,TC07-batch-20260822T184151-4d9be0,cloud_only
v41-TC07-4-6-c8448635,True,True,0,TC07-batch-20260822T184151-4d9be0,matched_and_synced
v41-TC07-4-7-4b2ca2bb,True,True,0,TC07-batch-20260822T184151-4d9be0,matched_and_synced
v41-TC07-4-7-91bb5477,True,False,0,TC07-batch-20260822T184151-4d9be0,cloud_only
v41-TC07-4-7-e2d6525b,True,False,0,TC07-batch-20260822T184151-4d9be0,cloud_only
v41-TC07-4-8-36da4f8d,True,True,0,TC07-batch-20260822T184151-4d9be0,matched_and_synced
v41-TC07-4-8-b60843a6,True,False,0,TC07-batch-20260822T184151-4d9be0,cloud_only
v41-TC07-4-8-f19d0d93,True,False,0,TC07-batch-20260822T184151-4d9be0,cloud_only
v41-TC07-4-9-7d4c876e,True,True,0,TC07-batch-20260822T184151-4d9be0,matched_and_synced
v41-TC07-4-9-d9226d32,True,False,0,TC07-batch-20260822T184151-4d9be0,cloud_only
v41-TC07-4-9-e1e8fd2f,True,False,0,TC07-batch-20260822T184151-4d9be0,cloud_only
v41-TC07-5-1-40469854,True,False,0,TC07-batch-20260822T184151-4d9be0,cloud_only
v41-TC07-5-1-5dd4658f,True,True,0,TC07-batch-20260822T184151-4d9be0,matched_and_synced
v41-TC07-5-1-98c06928,True,False,0,TC07-batch-20260822T184151-4d9be0,cloud_only
v41-TC07-5-10-1aec2853,True,False,0,TC07-batch-20260822T184151-4d9be0,cloud_only
v41-TC07-5-10-3afe3375,True,True,0,TC07-batch-20260822T184151-4d9be0,matched_and_synced
v41-TC07-5-10-3ec63258,True,False,0,TC07-batch-20260822T184151-4d9be0,cloud_only
v41-TC07-5-2-77bbbfed,True,False,0,TC07-batch-20260822T184151-4d9be0,cloud_only
v41-TC07-5-2-9a7f8c45,True,False,0,TC07-batch-20260822T184151-4d9be0,cloud_only
v41-TC07-5-2-b4b89ace,True,True,0,TC07-batch-20260822T184151-4d9be0,matched_and_synced
v41-TC07-5-3-13da3cba,True,False,0,TC07-batch-20260822T184151-4d9be0,cloud_only
v41-TC07-5-3-15ba04fa,True,True,0,TC07-batch-20260822T184151-4d9be0,matched_and_synced
v41-TC07-5-3-c7758bf4,True,False,0,TC07-batch-20260822T184151-4d9be0,cloud_only
v41-TC07-5-4-1f8af4dc,True,False,0,TC07-batch-20260822T184151-4d9be0,cloud_only
v41-TC07-5-4-5c338f10,True,False,0,TC07-batch-20260822T184151-4d9be0,cloud_only
v41-TC07-5-4-e05fff01,True,True,0,TC07-batch-20260822T184151-4d9be0,matched_and_synced
v41-TC07-5-5-1d644e4e,True,False,0,TC07-batch-20260822T184151-4d9be0,cloud_only
v41-TC07-5-5-79e6677d,True,False,0,TC07-batch-20260822T184151-4d9be0,cloud_only
v41-TC07-5-5-be7f9c4b,True,True,0,TC07-batch-20260822T184151-4d9be0,matched_and_synced
v41-TC07-5-6-536a5286,True,True,0,TC07-batch-20260822T184151-4d9be0,matched_and_synced
v41-TC07-5-6-b0700714,True,False,0,TC07-batch-20260822T184151-4d9be0,cloud_only
v41-TC07-5-6-e169c434,True,False,0,TC07-batch-20260822T184151-4d9be0,cloud_only
v41-TC07-5-7-0ebc90dc,True,False,0,TC07-batch-20260822T184151-4d9be0,cloud_only
v41-TC07-5-7-128877ec,True,False,0,TC07-batch-20260822T184151-4d9be0,cloud_only
v41-TC07-5-7-5a83c80f,True,True,0,TC07-batch-20260822T184151-4d9be0,matched_and_synced
v41-TC07-5-8-0853fe35,True,False,0,TC07-batch-20260822T184151-4d9be0,cloud_only
v41-TC07-5-8-4bccbe0f,True,True,0,TC07-batch-20260822T184151-4d9be0,matched_and_synced
v41-TC07-5-8-81d9db0b,True,False,0,TC07-batch-20260822T184151-4d9be0,cloud_only
v41-TC07-5-9-28e1ad20,True,False,0,TC07-batch-20260822T184151-4d9be0,cloud_only
v41-TC07-5-9-2edcd0d4,True,True,0,TC07-batch-20260822T184151-4d9be0,matched_and_synced
v41-TC07-5-9-85cc3871,True,False,0,TC07-batch-20260822T184151-4d9be0,cloud_only
v41-TC07-6-1-680bafb7,True,False,0,TC07-batch-20260822T184151-4d9be0,cloud_only
v41-TC07-6-1-698e0620,True,False,0,TC07-batch-20260822T184151-4d9be0,cloud_only
v41-TC07-6-1-c9ff9e9e,True,True,0,TC07-batch-20260822T184151-4d9be0,matched_and_synced
v41-TC07-6-10-0bb47d26,True,True,0,TC07-batch-20260822T184151-4d9be0,matched_and_synced
v41-TC07-6-10-75ffb7d5,True,False,0,TC07-batch-20260822T184151-4d9be0,cloud_only
v41-TC07-6-10-8c5f6c0b,True,False,0,TC07-batch-20260822T184151-4d9be0,cloud_only
v41-TC07-6-2-0bf8effe,True,False,0,TC07-batch-20260822T184151-4d9be0,cloud_only
v41-TC07-6-2-83354940,True,False,0,TC07-batch-20260822T184151-4d9be0,cloud_only
v41-TC07-6-2-aacad55d,True,True,0,TC07-batch-20260822T184151-4d9be0,matched_and_synced
v41-TC07-6-3-14602e6a,True,False,0,TC07-batch-20260822T184151-4d9be0,cloud_only
v41-TC07-6-3-ab8ddadc,True,False,0,TC07-batch-20260822T184151-4d9be0,cloud_only
v41-TC07-6-3-dfb09ea3,True,True,0,TC07-batch-20260822T184151-4d9be0,matched_and_synced
v41-TC07-6-4-467f252a,True,True,0,TC07-batch-20260822T184151-4d9be0,matched_and_synced
v41-TC07-6-4-8af88fac,True,False,0,TC07-batch-20260822T184151-4d9be0,cloud_only
v41-TC07-6-4-c05b7f34,True,False,0,TC07-batch-20260822T184151-4d9be0,cloud_only
v41-TC07-6-5-166eb5ba,True,False,0,TC07-batch-20260822T184151-4d9be0,cloud_only
v41-TC07-6-5-47acbcd3,True,True,0,TC07-batch-20260822T184151-4d9be0,matched_and_synced
v41-TC07-6-5-576255a7,True,False,0,TC07-batch-20260822T184151-4d9be0,cloud_only
v41-TC07-6-6-2ed09bf7,True,True,0,TC07-batch-20260822T184151-4d9be0,matched_and_synced
v41-TC07-6-6-50ec7926,True,False,0,TC07-batch-20260822T184151-4d9be0,cloud_only
v41-TC07-6-6-62ea5415,True,False,0,TC07-batch-20260822T184151-4d9be0,cloud_only
v41-TC07-6-7-36c26d4e,True,False,0,TC07-batch-20260822T184151-4d9be0,cloud_only
v41-TC07-6-7-3d26205a,True,True,0,TC07-batch-20260822T184151-4d9be0,matched_and_synced
v41-TC07-6-7-5149dd52,True,False,0,TC07-batch-20260822T184151-4d9be0,cloud_only
v41-TC07-6-8-48ccc85f,True,False,0,TC07-batch-20260822T184151-4d9be0,cloud_only
v41-TC07-6-8-4e779a84,True,True,0,TC07-batch-20260822T184151-4d9be0,matched_and_synced
v41-TC07-6-8-7679cb50,True,False,0,TC07-batch-20260822T184151-4d9be0,cloud_only
v41-TC07-6-9-658eccd0,True,False,0,TC07-batch-20260822T184151-4d9be0,cloud_only
v41-TC07-6-9-9a56e487,True,True,0,TC07-batch-20260822T184151-4d9be0,matched_and_synced
v41-TC07-6-9-eb59046f,True,False,0,TC07-batch-20260822T184151-4d9be0,cloud_only
v41-TC07-7-1-4e0595b7,True,True,0,TC07-batch-20260822T184151-4d9be0,matched_and_synced
v41-TC07-7-1-856869c4,True,False,0,TC07-batch-20260822T184151-4d9be0,cloud_only
v41-TC07-7-1-ba11a523,True,False,0,TC07-batch-20260822T184151-4d9be0,cloud_only
v41-TC07-7-10-ac853568,True,True,0,TC07-batch-20260822T184151-4d9be0,matched_and_synced
v41-TC07-7-10-ace1b404,True,False,0,TC07-batch-20260822T184151-4d9be0,cloud_only
v41-TC07-7-10-c792b72b,True,False,0,TC07-batch-20260822T184151-4d9be0,cloud_only
v41-TC07-7-2-221d029f,True,True,0,TC07-batch-20260822T184151-4d9be0,matched_and_synced
v41-TC07-7-2-6797dac8,True,False,0,TC07-batch-20260822T184151-4d9be0,cloud_only
v41-TC07-7-2-e21516cf,True,False,0,TC07-batch-20260822T184151-4d9be0,cloud_only
v41-TC07-7-3-39875546,True,False,0,TC07-batch-20260822T184151-4d9be0,cloud_only
v41-TC07-7-3-5a9c1f1e,True,False,0,TC07-batch-20260822T184151-4d9be0,cloud_only
v41-TC07-7-3-ac404007,True,True,0,TC07-batch-20260822T184151-4d9be0,matched_and_synced
v41-TC07-7-4-25bbeeca,True,True,0,TC07-batch-20260822T184151-4d9be0,matched_and_synced
v41-TC07-7-4-462a21ce,True,False,0,TC07-batch-20260822T184151-4d9be0,cloud_only
v41-TC07-7-4-f19c9c14,True,False,0,TC07-batch-20260822T184151-4d9be0,cloud_only
v41-TC07-7-5-4df4ab34,True,True,0,TC07-batch-20260822T184151-4d9be0,matched_and_synced
v41-TC07-7-5-c91c52ba,True,False,0,TC07-batch-20260822T184151-4d9be0,cloud_only
v41-TC07-7-5-d2c75da6,True,False,0,TC07-batch-20260822T184151-4d9be0,cloud_only
v41-TC07-7-6-2548ffde,True,False,0,TC07-batch-20260822T184151-4d9be0,cloud_only
v41-TC07-7-6-8a84bda7,True,False,0,TC07-batch-20260822T184151-4d9be0,cloud_only
v41-TC07-7-6-fb37ab8b,True,True,0,TC07-batch-20260822T184151-4d9be0,matched_and_synced
v41-TC07-7-7-1237b48c,True,False,0,TC07-batch-20260822T184151-4d9be0,cloud_only
v41-TC07-7-7-63998870,True,False,0,TC07-batch-20260822T184151-4d9be0,cloud_only
v41-TC07-7-7-e759e570,True,True,0,TC07-batch-20260822T184151-4d9be0,matched_and_synced
v41-TC07-7-8-3eb473c5,True,True,0,TC07-batch-20260822T184151-4d9be0,matched_and_synced
v41-TC07-7-8-3eca701e,True,False,0,TC07-batch-20260822T184151-4d9be0,cloud_only
v41-TC07-7-8-bcbea63a,True,False,0,TC07-batch-20260822T184151-4d9be0,cloud_only
v41-TC07-7-9-46f8e17d,True,False,0,TC07-batch-20260822T184151-4d9be0,cloud_only
v41-TC07-7-9-ccafb73b,True,True,0,TC07-batch-20260822T184151-4d9be0,matched_and_synced
v41-TC07-7-9-d2a438df,True,False,0,TC07-batch-20260822T184151-4d9be0,cloud_only
v41-TC07-8-1-7de0d904,True,False,0,TC07-batch-20260822T184151-4d9be0,cloud_only
v41-TC07-8-1-a6e4871d,True,False,0,TC07-batch-20260822T184151-4d9be0,cloud_only
v41-TC07-8-1-d260cafa,True,True,0,TC07-batch-20260822T184151-4d9be0,matched_and_synced
v41-TC07-8-10-52e85e92,True,False,0,TC07-batch-20260822T184151-4d9be0,cloud_only
v41-TC07-8-10-76a85b9b,True,True,0,TC07-batch-20260822T184151-4d9be0,matched_and_synced
v41-TC07-8-10-d3f1e98d,True,False,0,TC07-batch-20260822T184151-4d9be0,cloud_only
v41-TC07-8-2-065a7fdb,True,True,0,TC07-batch-20260822T184151-4d9be0,matched_and_synced
v41-TC07-8-2-9ddcf8cd,True,False,0,TC07-batch-20260822T184151-4d9be0,cloud_only
v41-TC07-8-2-d4bfaa74,True,False,0,TC07-batch-20260822T184151-4d9be0,cloud_only
v41-TC07-8-3-90a4c781,True,False,0,TC07-batch-20260822T184151-4d9be0,cloud_only
v41-TC07-8-3-a9c4702e,True,True,0,TC07-batch-20260822T184151-4d9be0,matched_and_synced
v41-TC07-8-3-dc6060be,True,False,0,TC07-batch-20260822T184151-4d9be0,cloud_only
v41-TC07-8-4-259ae54b,True,False,0,TC07-batch-20260822T184151-4d9be0,cloud_only
v41-TC07-8-4-8b4f4e30,True,False,0,TC07-batch-20260822T184151-4d9be0,cloud_only
v41-TC07-8-4-8db2fb59,True,True,0,TC07-batch-20260822T184151-4d9be0,matched_and_synced
v41-TC07-8-5-902c5640,True,False,0,TC07-batch-20260822T184151-4d9be0,cloud_only
v41-TC07-8-5-cd5173bd,True,True,0,TC07-batch-20260822T184151-4d9be0,matched_and_synced
v41-TC07-8-5-dae36707,True,False,0,TC07-batch-20260822T184151-4d9be0,cloud_only
v41-TC07-8-6-016b5d83,True,False,0,TC07-batch-20260822T184151-4d9be0,cloud_only
v41-TC07-8-6-a7d70da0,True,False,0,TC07-batch-20260822T184151-4d9be0,cloud_only
v41-TC07-8-6-e5fa03e2,True,True,0,TC07-batch-20260822T184151-4d9be0,matched_and_synced
v41-TC07-8-7-0330827c,True,False,0,TC07-batch-20260822T184151-4d9be0,cloud_only
v41-TC07-8-7-0bbac46d,True,True,0,TC07-batch-20260822T184151-4d9be0,matched_and_synced
v41-TC07-8-7-5af9d56b,True,False,0,TC07-batch-20260822T184151-4d9be0,cloud_only
v41-TC07-8-8-55edecac,True,True,0,TC07-batch-20260822T184151-4d9be0,matched_and_synced
v41-TC07-8-8-9434b6f6,True,False,0,TC07-batch-20260822T184151-4d9be0,cloud_only
v41-TC07-8-8-b35ad792,True,False,0,TC07-batch-20260822T184151-4d9be0,cloud_only
v41-TC07-8-9-3da91a2a,True,False,0,TC07-batch-20260822T184151-4d9be0,cloud_only
v41-TC07-8-9-953188f1,True,True,0,TC07-batch-20260822T184151-4d9be0,matched_and_synced
v41-TC07-8-9-bfa14af3,True,False,0,TC07-batch-20260822T184151-4d9be0,cloud_only
v41-TC07-9-1-51bb9858,True,False,0,TC07-batch-20260822T184151-4d9be0,cloud_only
v41-TC07-9-1-7acfcfe4,True,False,0,TC07-batch-20260822T184151-4d9be0,cloud_only
v41-TC07-9-1-9d07dbda,True,True,0,TC07-batch-20260822T184151-4d9be0,matched_and_synced
v41-TC07-9-10-2aa4f2a9,True,False,0,TC07-batch-20260822T184151-4d9be0,cloud_only
v41-TC07-9-10-4e4db371,True,False,0,TC07-batch-20260822T184151-4d9be0,cloud_only
v41-TC07-9-10-bd86a5d6,True,True,0,TC07-batch-20260822T184151-4d9be0,matched_and_synced
v41-TC07-9-2-76cdd626,True,False,0,TC07-batch-20260822T184151-4d9be0,cloud_only
v41-TC07-9-2-cd82010b,True,True,0,TC07-batch-20260822T184151-4d9be0,matched_and_synced
v41-TC07-9-2-ea2d07b6,True,False,0,TC07-batch-20260822T184151-4d9be0,cloud_only
v41-TC07-9-3-119598a8,True,True,0,TC07-batch-20260822T184151-4d9be0,matched_and_synced
v41-TC07-9-3-64d2d5e0,True,False,0,TC07-batch-20260822T184151-4d9be0,cloud_only
v41-TC07-9-3-9a469665,True,False,0,TC07-batch-20260822T184151-4d9be0,cloud_only
v41-TC07-9-4-1dc962de,True,False,0,TC07-batch-20260822T184151-4d9be0,cloud_only
v41-TC07-9-4-3e9bc46f,True,True,0,TC07-batch-20260822T184151-4d9be0,matched_and_synced
v41-TC07-9-4-9b7b9bd4,True,False,0,TC07-batch-20260822T184151-4d9be0,cloud_only
v41-TC07-9-5-63876468,True,True,0,TC07-batch-20260822T184151-4d9be0,matched_and_synced
v41-TC07-9-5-6b574da8,True,False,0,TC07-batch-20260822T184151-4d9be0,cloud_only
v41-TC07-9-5-ce5c295b,True,False,0,TC07-batch-20260822T184151-4d9be0,cloud_only
v41-TC07-9-6-6d196dec,True,True,0,TC07-batch-20260822T184151-4d9be0,matched_and_synced
v41-TC07-9-6-efcc30dd,True,False,0,TC07-batch-20260822T184151-4d9be0,cloud_only
v41-TC07-9-6-f9c35c15,True,False,0,TC07-batch-20260822T184151-4d9be0,cloud_only
v41-TC07-9-7-0ff26b41,True,True,0,TC07-batch-20260822T184151-4d9be0,matched_and_synced
v41-TC07-9-7-b83df8ca,True,False,0,TC07-batch-20260822T184151-4d9be0,cloud_only
v41-TC07-9-7-d8b148a4,True,False,0,TC07-batch-20260822T184151-4d9be0,cloud_only
v41-TC07-9-8-8b3d1a6b,True,False,0,TC07-batch-20260822T184151-4d9be0,cloud_only
v41-TC07-9-8-b27041af,True,True,0,TC07-batch-20260822T184151-4d9be0,matched_and_synced
v41-TC07-9-8-d8c20d98,True,False,0,TC07-batch-20260822T184151-4d9be0,cloud_only
v41-TC07-9-9-31654321,True,True,0,TC07-batch-20260822T184151-4d9be0,matched_and_synced
v41-TC07-9-9-a471cd59,True,False,0,TC07-batch-20260822T184151-4d9be0,cloud_only
v41-TC07-9-9-f10f17f1,True,False,0,TC07-batch-20260822T184151-4d9be0,cloud_only
