timestamp,version,batch_id,experiment_id,test_case_id,scenario,run_id,lifecycle_phase,total_requests,request_interval_seconds,configured_requests_per_second,achieved_requests_per_second,workload_duration_seconds,workload_level,successful_requests,failed_requests,cloud_success,edge_success,failover_enabled,expected_cloud_status,expected_edge_status,failover_transition_count,observed_failover_recovery_seconds,cloud_failure_detection_seconds,mean_total_request_latency_seconds,p95_total_request_latency_seconds,availability_percent,recovery_scope_records,rpo_related_exposure_records,pending_edge_sync_count,oldest_pending_age_seconds,recovery_completeness_percent,replica_convergence_percent,missing_from_cloud_count,duplicate_client_order_ids,pre_recovery_rpo_exposure_records,pre_recovery_pending_sync_count,post_recovery_rpo_exposure_records,cloud_record_count,edge_record_count,recovery_sync_time_seconds,records_synced_back_to_cloud,cloud_process_rss_mb,edge_process_rss_mb,cloud_cpu_percent_snapshot,edge_cpu_percent_snapshot,cloud_db_size_bytes,edge_db_size_bytes,lifecycle_transition_count,notes,scenario_display,request_success_rate_percent,edge_share_of_success_percent,configured_achieved_rate_ratio_percent,data_quality_issue
2026-08-22 18:06:10,4.1,TC01-batch-20260822T180558-a2cc9e,TC01-20260822T180558530355-run1-a0386f,TC01,normal_operation,1,single_scenario,30,0.2,5.0,2.509,11.956047,medium,30,0,30,0,False,available,available,0.0,,,0.201714,0.258772,100.0,0,0,0,,,,0,0,0,0,,30,0,,,41.996,39.891,0.0,0.0,36864.0,28672.0,0,"Observed failover recovery is a technical indicator, not organisational RTO; final_state=NORMAL; edge_recovery_scope=0",Normal Operation,100.0,0.0,50.18,
2026-08-22 18:06:23,4.1,TC01-batch-20260822T180558-a2cc9e,TC01-20260822T180611418888-run2-3743d3,TC01,normal_operation,2,single_scenario,30,0.2,5.0,2.589,11.58736,medium,30,0,30,0,False,available,available,0.0,,,0.190847,0.218555,100.0,0,0,0,,,,0,0,0,0,,60,0,,,46.719,40.031,0.0,0.0,45056.0,28672.0,0,"Observed failover recovery is a technical indicator, not organisational RTO; final_state=NORMAL; edge_recovery_scope=0",Normal Operation,100.0,0.0,51.78,
2026-08-22 18:06:35,4.1,TC01-batch-20260822T180558-a2cc9e,TC01-20260822T180623857411-run3-1c69a5,TC01,normal_operation,3,single_scenario,30,0.2,5.0,2.593,11.56909,medium,30,0,30,0,False,available,available,0.0,,,0.190051,0.217566,100.0,0,0,0,,,,0,0,0,0,,90,0,,,51.613,40.18,0.0,0.0,53248.0,28672.0,0,"Observed failover recovery is a technical indicator, not organisational RTO; final_state=NORMAL; edge_recovery_scope=0",Normal Operation,100.0,0.0,51.85999999999999,
2026-08-22 18:06:49,4.1,TC01-batch-20260822T180558-a2cc9e,TC01-20260822T180636341031-run4-347d01,TC01,normal_operation,4,single_scenario,30,0.2,5.0,2.37,12.659403,medium,30,0,30,0,False,available,available,0.0,,,0.226594,0.327499,100.0,0,0,0,,,,0,0,0,0,,120,0,,,44.223,39.676,0.0,0.0,77824.0,28672.0,0,"Observed failover recovery is a technical indicator, not organisational RTO; final_state=NORMAL; edge_recovery_scope=0",Normal Operation,100.0,0.0,47.400000000000006,
2026-08-22 18:07:03,4.1,TC01-batch-20260822T180558-a2cc9e,TC01-20260822T180649884969-run5-0e79e5,TC01,normal_operation,5,single_scenario,30,0.2,5.0,2.326,12.899789,medium,30,0,30,0,False,available,available,0.0,,,0.234952,0.320438,100.0,0,0,0,,,,0,0,0,0,,150,0,,,48.215,39.801,0.0,0.0,102400.0,28672.0,0,"Observed failover recovery is a technical indicator, not organisational RTO; final_state=NORMAL; edge_recovery_scope=0",Normal Operation,100.0,0.0,46.52,
2026-08-22 18:07:16,4.1,TC01-batch-20260822T180558-a2cc9e,TC01-20260822T180703651516-run6-93aab6,TC01,normal_operation,6,single_scenario,30,0.2,5.0,2.336,12.840298,medium,30,0,30,0,False,available,available,0.0,,,0.23264,0.326689,100.0,0,0,0,,,,0,0,0,0,,180,0,,,53.043,39.934,0.0,0.0,110592.0,28672.0,0,"Observed failover recovery is a technical indicator, not organisational RTO; final_state=NORMAL; edge_recovery_scope=0",Normal Operation,100.0,0.0,46.71999999999999,
2026-08-22 18:07:29,4.1,TC01-batch-20260822T180558-a2cc9e,TC01-20260822T180717402067-run7-26b425,TC01,normal_operation,7,single_scenario,30,0.2,5.0,2.46,12.195443,medium,30,0,30,0,False,available,available,0.0,,,0.211336,0.279932,100.0,0,0,0,,,,0,0,0,0,,210,0,,,44.715,40.059,0.0,0.0,126976.0,28672.0,0,"Observed failover recovery is a technical indicator, not organisational RTO; final_state=NORMAL; edge_recovery_scope=0",Normal Operation,100.0,0.0,49.2,
2026-08-22 18:07:43,4.1,TC01-batch-20260822T180558-a2cc9e,TC01-20260822T180730461218-run8-ec613f,TC01,normal_operation,8,single_scenario,30,0.2,5.0,2.432,12.335812,medium,30,0,30,0,False,available,available,0.0,,,0.21576,0.31413,100.0,0,0,0,,,,0,0,0,0,,240,0,,,48.781,40.188,0.0,0.0,131072.0,28672.0,0,"Observed failover recovery is a technical indicator, not organisational RTO; final_state=NORMAL; edge_recovery_scope=0",Normal Operation,100.0,0.0,48.64,
2026-08-22 18:07:57,4.1,TC01-batch-20260822T180558-a2cc9e,TC01-20260822T180743658290-run9-3296b2,TC01,normal_operation,9,single_scenario,30,0.2,5.0,2.158,13.899242,medium,30,0,30,0,False,available,available,0.0,,,0.268027,0.413559,100.0,0,0,0,,,,0,0,0,0,,270,0,,,53.363,40.316,0.0,0.0,143360.0,28672.0,0,"Observed failover recovery is a technical indicator, not organisational RTO; final_state=NORMAL; edge_recovery_scope=0",Normal Operation,100.0,0.0,43.16,
2026-08-22 18:08:16,4.1,TC01-batch-20260822T180558-a2cc9e,TC01-20260822T180758401322-run10-600b89,TC01,normal_operation,10,single_scenario,30,0.2,5.0,1.669,17.975301,medium,29,1,29,0,False,available,available,0.0,,5.016811,0.40387,0.427592,96.67,0,0,0,,,,0,0,0,0,,300,0,,,45.754,40.469,0.0,0.0,159744.0,28672.0,0,"Observed failover recovery is a technical indicator, not organisational RTO; final_state=NORMAL; edge_recovery_scope=0",Normal Operation,96.66666666666667,0.0,33.379999999999995,
2026-08-22 18:08:45,4.1,TC02-batch-20260822T180830-a18476,TC02-20260822T180830806173-run1-23c40b,TC02,cloud_failure_with_stateful_edge_failover,1,single_scenario,30,0.2,5.0,2.134,14.060168,medium,30,0,0,30,True,failed,available,1.0,2.228602,2.014576,0.273034,0.338558,100.0,30,30,30,14.272,0.0,0.0,30,0,30,30,,300,30,,,,45.395,,0.0,159744.0,36864.0,1,"Observed failover recovery is a technical indicator, not organisational RTO; final_state=EDGE_DEGRADED; edge_recovery_scope=30",Cloud Failure + Stateful Edge Failover,100.0,100.0,42.67999999999999,
2026-08-22 18:09:01,4.1,TC02-batch-20260822T180830-a18476,TC02-20260822T180846502281-run2-0e5068,TC02,cloud_failure_with_stateful_edge_failover,2,single_scenario,30,0.2,5.0,2.22,13.512774,medium,30,0,0,30,True,failed,available,1.0,2.188601,2.007394,0.255347,0.298069,100.0,30,30,30,13.723,0.0,0.0,30,0,30,30,,300,60,,,,41.395,,0.0,159744.0,45056.0,1,"Observed failover recovery is a technical indicator, not organisational RTO; final_state=EDGE_DEGRADED; edge_recovery_scope=30",Cloud Failure + Stateful Edge Failover,100.0,100.0,44.400000000000006,
2026-08-22 18:09:16,4.1,TC02-batch-20260822T180830-a18476,TC02-20260822T180901658477-run3-df56d9,TC02,cloud_failure_with_stateful_edge_failover,3,single_scenario,30,0.2,5.0,2.261,13.270186,medium,30,0,0,30,True,failed,available,1.0,2.244477,2.00918,0.247134,0.221081,100.0,30,30,30,13.48,0.0,0.0,30,0,30,30,,300,90,,,,45.613,,0.0,159744.0,53248.0,1,"Observed failover recovery is a technical indicator, not organisational RTO; final_state=EDGE_DEGRADED; edge_recovery_scope=30",Cloud Failure + Stateful Edge Failover,100.0,100.0,45.220000000000006,
2026-08-22 18:09:31,4.1,TC02-batch-20260822T180830-a18476,TC02-20260822T180916537169-run4-75de4d,TC02,cloud_failure_with_stateful_edge_failover,4,single_scenario,30,0.2,5.0,2.245,13.36452,medium,30,0,0,30,True,failed,available,1.0,2.196539,2.001251,0.250306,0.238715,100.0,30,30,30,13.582,0.0,0.0,30,0,30,30,,300,120,,,,50.469,,0.0,159744.0,77824.0,1,"Observed failover recovery is a technical indicator, not organisational RTO; final_state=EDGE_DEGRADED; edge_recovery_scope=30",Cloud Failure + Stateful Edge Failover,100.0,100.0,44.9,
2026-08-22 18:09:46,4.1,TC02-batch-20260822T180830-a18476,TC02-20260822T180931546429-run5-ec5b60,TC02,cloud_failure_with_stateful_edge_failover,5,single_scenario,30,0.2,5.0,2.23,13.452505,medium,30,0,0,30,True,failed,available,1.0,2.200568,2.011764,0.251394,0.219478,100.0,30,30,30,13.665,0.0,0.0,30,0,30,30,,300,150,,,,42.176,,0.0,159744.0,102400.0,1,"Observed failover recovery is a technical indicator, not organisational RTO; final_state=EDGE_DEGRADED; edge_recovery_scope=30",Cloud Failure + Stateful Edge Failover,100.0,100.0,44.6,
2026-08-22 18:10:01,4.1,TC02-batch-20260822T180830-a18476,TC02-20260822T180946594257-run6-6b5397,TC02,cloud_failure_with_stateful_edge_failover,6,single_scenario,30,0.2,5.0,2.169,13.830948,medium,30,0,0,30,True,failed,available,1.0,2.208858,2.008411,0.264539,0.233613,100.0,30,30,30,14.044,0.0,0.0,30,0,30,30,,300,180,,,,46.375,,0.0,159744.0,110592.0,1,"Observed failover recovery is a technical indicator, not organisational RTO; final_state=EDGE_DEGRADED; edge_recovery_scope=30",Cloud Failure + Stateful Edge Failover,100.0,100.0,43.38,
2026-08-22 18:10:16,4.1,TC02-batch-20260822T180830-a18476,TC02-20260822T181002062660-run7-8d051b,TC02,cloud_failure_with_stateful_edge_failover,7,single_scenario,30,0.2,5.0,2.203,13.616884,medium,30,0,0,30,True,failed,available,1.0,2.258201,2.011019,0.257584,0.273982,100.0,30,30,30,13.834,0.0,0.0,30,0,30,30,,300,210,,,,51.133,,0.0,159744.0,126976.0,1,"Observed failover recovery is a technical indicator, not organisational RTO; final_state=EDGE_DEGRADED; edge_recovery_scope=30",Cloud Failure + Stateful Edge Failover,100.0,100.0,44.06,
2026-08-22 18:10:31,4.1,TC02-batch-20260822T180830-a18476,TC02-20260822T181017310026-run8-35d85e,TC02,cloud_failure_with_stateful_edge_failover,8,single_scenario,30,0.2,5.0,2.233,13.436982,medium,30,0,0,30,True,failed,available,1.0,2.206529,1.996788,0.252458,0.245455,100.0,30,30,30,13.647,0.0,0.0,30,0,30,30,,300,240,,,,43.242,,0.0,159744.0,135168.0,1,"Observed failover recovery is a technical indicator, not organisational RTO; final_state=EDGE_DEGRADED; edge_recovery_scope=30",Cloud Failure + Stateful Edge Failover,100.0,100.0,44.66,
2026-08-22 18:10:46,4.1,TC02-batch-20260822T180830-a18476,TC02-20260822T181032345961-run9-d687cc,TC02,cloud_failure_with_stateful_edge_failover,9,single_scenario,30,0.2,5.0,2.23,13.451288,medium,30,0,0,30,True,failed,available,1.0,2.192795,2.007173,0.252896,0.224325,100.0,30,30,30,13.665,0.0,0.0,30,0,30,30,,300,270,,,,47.168,,0.0,159744.0,147456.0,1,"Observed failover recovery is a technical indicator, not organisational RTO; final_state=EDGE_DEGRADED; edge_recovery_scope=30",Cloud Failure + Stateful Edge Failover,100.0,100.0,44.6,
2026-08-22 18:11:02,4.1,TC02-batch-20260822T180830-a18476,TC02-20260822T181047451168-run10-1de0d5,TC02,cloud_failure_with_stateful_edge_failover,10,single_scenario,30,0.2,5.0,2.088,14.365083,medium,30,0,0,30,True,failed,available,1.0,2.28913,1.996271,0.283153,0.319517,100.0,30,30,30,14.583,0.0,0.0,30,0,30,30,,300,300,,,,51.461,,0.0,159744.0,167936.0,1,"Observed failover recovery is a technical indicator, not organisational RTO; final_state=EDGE_DEGRADED; edge_recovery_scope=30",Cloud Failure + Stateful Edge Failover,100.0,100.0,41.760000000000005,
2026-08-22 18:12:30,4.1,TC03-batch-20260822T181123-ea0cb7,TC03-20260822T181123215561-run1-ce620d,TC03,cloud_only_failure_no_failover,1,single_scenario,30,0.2,5.0,0.453,66.226914,medium,0,30,0,0,False,failed,not_used,0.0,,2.010098,2.010147,2.01792,0.0,0,0,0,,,,0,0,0,0,,300,300,,,,51.57,,0.0,159744.0,167936.0,0,"Observed failover recovery is a technical indicator, not organisational RTO; final_state=NORMAL; edge_recovery_scope=0",Cloud Failure without Failover,0.0,,9.06,
2026-08-22 18:13:38,4.1,TC03-batch-20260822T181123-ea0cb7,TC03-20260822T181231106831-run2-6ae389,TC03,cloud_only_failure_no_failover,2,single_scenario,30,0.2,5.0,0.453,66.248579,medium,0,30,0,0,False,failed,not_used,0.0,,2.012065,2.012108,2.016878,0.0,0,0,0,,,,0,0,0,0,,300,300,,,,40.453,,0.0,159744.0,167936.0,0,"Observed failover recovery is a technical indicator, not organisational RTO; final_state=NORMAL; edge_recovery_scope=0",Cloud Failure without Failover,0.0,,9.06,
2026-08-22 18:14:46,4.1,TC03-batch-20260822T181123-ea0cb7,TC03-20260822T181339002390-run3-8451f5,TC03,cloud_only_failure_no_failover,3,single_scenario,30,0.2,5.0,0.453,66.199448,medium,0,30,0,0,False,failed,not_used,0.0,,2.010428,2.010475,2.016742,0.0,0,0,0,,,,0,0,0,0,,300,300,,,,40.574,,0.0,159744.0,167936.0,0,"Observed failover recovery is a technical indicator, not organisational RTO; final_state=NORMAL; edge_recovery_scope=0",Cloud Failure without Failover,0.0,,9.06,
2026-08-22 18:15:55,4.1,TC03-batch-20260822T181123-ea0cb7,TC03-20260822T181446854400-run4-34b7e9,TC03,cloud_only_failure_no_failover,4,single_scenario,30,0.2,5.0,0.447,67.167585,medium,0,30,0,0,False,failed,not_used,0.0,,2.01063,2.010675,2.016517,0.0,0,0,0,,,,0,0,0,0,,300,300,,,,40.785,,0.0,159744.0,167936.0,0,"Observed failover recovery is a technical indicator, not organisational RTO; final_state=NORMAL; edge_recovery_scope=0",Cloud Failure without Failover,0.0,,8.940000000000001,
2026-08-22 18:17:03,4.1,TC03-batch-20260822T181123-ea0cb7,TC03-20260822T181555673638-run5-7216a2,TC03,cloud_only_failure_no_failover,5,single_scenario,30,0.2,5.0,0.453,66.197912,medium,0,30,0,0,False,failed,not_used,0.0,,2.010306,2.010354,2.016311,0.0,0,0,0,,,,0,0,0,0,,300,300,,,,40.859,,0.0,159744.0,167936.0,0,"Observed failover recovery is a technical indicator, not organisational RTO; final_state=NORMAL; edge_recovery_scope=0",Cloud Failure without Failover,0.0,,9.06,
2026-08-22 18:18:10,4.1,TC03-batch-20260822T181123-ea0cb7,TC03-20260822T181703527516-run6-d0f76a,TC03,cloud_only_failure_no_failover,6,single_scenario,30,0.2,5.0,0.453,66.229376,medium,0,30,0,0,False,failed,not_used,0.0,,2.01156,2.011602,2.017356,0.0,0,0,0,,,,0,0,0,0,,300,300,,,,40.992,,0.0,159744.0,167936.0,0,"Observed failover recovery is a technical indicator, not organisational RTO; final_state=NORMAL; edge_recovery_scope=0",Cloud Failure without Failover,0.0,,9.06,
2026-08-22 18:19:18,4.1,TC03-batch-20260822T181123-ea0cb7,TC03-20260822T181811404711-run7-453cb8,TC03,cloud_only_failure_no_failover,7,single_scenario,30,0.2,5.0,0.453,66.170079,medium,0,30,0,0,False,failed,not_used,0.0,,2.009438,2.009483,2.016983,0.0,0,0,0,,,,0,0,0,0,,300,300,,,,41.137,,0.0,159744.0,167936.0,0,"Observed failover recovery is a technical indicator, not organisational RTO; final_state=NORMAL; edge_recovery_scope=0",Cloud Failure without Failover,0.0,,9.06,
2026-08-22 18:20:26,4.1,TC03-batch-20260822T181123-ea0cb7,TC03-20260822T181919232291-run8-b61a20,TC03,cloud_only_failure_no_failover,8,single_scenario,30,0.2,5.0,0.454,66.12734,medium,0,30,0,0,False,failed,not_used,0.0,,2.008339,2.00838,2.016306,0.0,0,0,0,,,,0,0,0,0,,300,300,,,,40.035,,0.0,159744.0,167936.0,0,"Observed failover recovery is a technical indicator, not organisational RTO; final_state=NORMAL; edge_recovery_scope=0",Cloud Failure without Failover,0.0,,9.08,
2026-08-22 18:21:34,4.1,TC03-batch-20260822T181123-ea0cb7,TC03-20260822T182026983002-run9-9e1b81,TC03,cloud_only_failure_no_failover,9,single_scenario,30,0.2,5.0,0.454,66.08651,medium,0,30,0,0,False,failed,not_used,0.0,,2.006783,2.006821,2.01612,0.0,0,0,0,,,,0,0,0,0,,300,300,,,,39.793,,0.0,159744.0,167936.0,0,"Observed failover recovery is a technical indicator, not organisational RTO; final_state=NORMAL; edge_recovery_scope=0",Cloud Failure without Failover,0.0,,9.08,
2026-08-22 18:22:45,4.1,TC03-batch-20260822T181123-ea0cb7,TC03-20260822T182134704523-run10-a63cd1,TC03,cloud_only_failure_no_failover,10,single_scenario,30,0.2,5.0,0.428,70.041468,medium,0,30,0,0,False,failed,not_used,0.0,,2.012226,2.012271,2.01693,0.0,0,0,0,,,,0,0,0,0,,300,300,,,,39.922,,0.0,159744.0,167936.0,0,"Observed failover recovery is a technical indicator, not organisational RTO; final_state=NORMAL; edge_recovery_scope=0",Cloud Failure without Failover,0.0,,8.559999999999999,
2026-08-22 18:28:16,4.1,TC04-batch-20260822T182655-4efa0a,TC04-20260822T182655797676-run1-9061c3,TC04,complete_service_failure,1,single_scenario,30,0.2,5.0,0.382,78.431847,medium,0,30,0,0,True,failed,failed,0.0,,2.01264,2.078887,2.018277,0.0,0,0,0,,,,0,0,0,0,,300,300,,,,,,,159744.0,167936.0,0,"Observed failover recovery is a technical indicator, not organisational RTO; final_state=SERVICE_UNAVAILABLE; edge_recovery_scope=0",Complete Service Failure,0.0,,7.64,
2026-08-22 18:29:26,4.1,TC04-batch-20260822T182655-4efa0a,TC04-20260822T182816631418-run2-ad98ac,TC04,complete_service_failure,2,single_scenario,30,0.2,5.0,0.439,68.28779,medium,0,30,0,0,True,failed,failed,0.0,,2.005224,2.078453,2.018827,0.0,0,0,0,,,,0,0,0,0,,300,300,,,,,,,159744.0,167936.0,0,"Observed failover recovery is a technical indicator, not organisational RTO; final_state=SERVICE_UNAVAILABLE; edge_recovery_scope=0",Complete Service Failure,0.0,,8.780000000000001,
2026-08-22 18:30:37,4.1,TC04-batch-20260822T182655-4efa0a,TC04-20260822T182927315953-run3-b61db3,TC04,complete_service_failure,3,single_scenario,30,0.2,5.0,0.44,68.195575,medium,0,30,0,0,True,failed,failed,0.0,,2.004763,2.077177,2.016904,0.0,0,0,0,,,,0,0,0,0,,300,300,,,,,,,159744.0,167936.0,0,"Observed failover recovery is a technical indicator, not organisational RTO; final_state=SERVICE_UNAVAILABLE; edge_recovery_scope=0",Complete Service Failure,0.0,,8.799999999999999,
2026-08-22 18:31:47,4.1,TC04-batch-20260822T182655-4efa0a,TC04-20260822T183037913356-run4-df3224,TC04,complete_service_failure,4,single_scenario,30,0.2,5.0,0.44,68.192296,medium,0,30,0,0,True,failed,failed,0.0,,2.002852,2.076792,2.02065,0.0,0,0,0,,,,0,0,0,0,,300,300,,,,,,,159744.0,167936.0,0,"Observed failover recovery is a technical indicator, not organisational RTO; final_state=SERVICE_UNAVAILABLE; edge_recovery_scope=0",Complete Service Failure,0.0,,8.799999999999999,
2026-08-22 18:32:58,4.1,TC04-batch-20260822T182655-4efa0a,TC04-20260822T183148503958-run5-776244,TC04,complete_service_failure,5,single_scenario,30,0.2,5.0,0.44,68.209783,medium,0,30,0,0,True,failed,failed,0.0,,2.002688,2.077616,2.017117,0.0,0,0,0,,,,0,0,0,0,,300,300,,,,,,,159744.0,167936.0,0,"Observed failover recovery is a technical indicator, not organisational RTO; final_state=SERVICE_UNAVAILABLE; edge_recovery_scope=0",Complete Service Failure,0.0,,8.799999999999999,
2026-08-22 18:34:09,4.1,TC04-batch-20260822T182655-4efa0a,TC04-20260822T183259113814-run6-7690cd,TC04,complete_service_failure,6,single_scenario,30,0.2,5.0,0.44,68.226324,medium,0,30,0,0,True,failed,failed,0.0,,2.006152,2.078142,2.020977,0.0,0,0,0,,,,0,0,0,0,,300,300,,,,,,,159744.0,167936.0,0,"Observed failover recovery is a technical indicator, not organisational RTO; final_state=SERVICE_UNAVAILABLE; edge_recovery_scope=0",Complete Service Failure,0.0,,8.799999999999999,
2026-08-22 18:35:19,4.1,TC04-batch-20260822T182655-4efa0a,TC04-20260822T183409742043-run7-4d6668,TC04,complete_service_failure,7,single_scenario,30,0.2,5.0,0.439,68.285684,medium,0,30,0,0,True,failed,failed,0.0,,2.002738,2.079919,2.018554,0.0,0,0,0,,,,0,0,0,0,,300,300,,,,,,,159744.0,167936.0,0,"Observed failover recovery is a technical indicator, not organisational RTO; final_state=SERVICE_UNAVAILABLE; edge_recovery_scope=0",Complete Service Failure,0.0,,8.780000000000001,
2026-08-22 18:36:30,4.1,TC04-batch-20260822T182655-4efa0a,TC04-20260822T183520443440-run8-1c8d5b,TC04,complete_service_failure,8,single_scenario,30,0.2,5.0,0.44,68.197161,medium,0,30,0,0,True,failed,failed,0.0,,1.998643,2.0771,2.01994,0.0,0,0,0,,,,0,0,0,0,,300,300,,,,,,,159744.0,167936.0,0,"Observed failover recovery is a technical indicator, not organisational RTO; final_state=SERVICE_UNAVAILABLE; edge_recovery_scope=0",Complete Service Failure,0.0,,8.799999999999999,
2026-08-22 18:37:41,4.1,TC04-batch-20260822T182655-4efa0a,TC04-20260822T183631034284-run9-a35395,TC04,complete_service_failure,9,single_scenario,30,0.2,5.0,0.44,68.227483,medium,0,30,0,0,True,failed,failed,0.0,,2.005892,2.077979,2.031001,0.0,0,0,0,,,,0,0,0,0,,300,300,,,,,,,159744.0,167936.0,0,"Observed failover recovery is a technical indicator, not organisational RTO; final_state=SERVICE_UNAVAILABLE; edge_recovery_scope=0",Complete Service Failure,0.0,,8.799999999999999,
2026-08-22 18:38:51,4.1,TC04-batch-20260822T182655-4efa0a,TC04-20260822T183741671021-run10-313fd2,TC04,complete_service_failure,10,single_scenario,30,0.2,5.0,0.439,68.40665,medium,0,30,0,0,True,failed,failed,0.0,,2.012311,2.077695,2.025667,0.0,0,0,0,,,,0,0,0,0,,300,300,,,,,,,159744.0,167936.0,0,"Observed failover recovery is a technical indicator, not organisational RTO; final_state=SERVICE_UNAVAILABLE; edge_recovery_scope=0",Complete Service Failure,0.0,,8.780000000000001,
2026-08-22 18:38:58,4.1,TC02-batch-20260822T180830-a18476,TC05-20260822T183858558030-6e6453,TC05,scoped_recovery_state_check,183858,recovery_check,0,,,,,,0,0,0,0,,,,,,,,,,300,300,300,1827.744,0.0,0.0,300,0,300,300,300.0,300,300,,,,,,,159744.0,167936.0,0,Scoped to 300 accepted edge record(s) from batch TC02-batch-20260822T180830-a18476,Scoped Recovery-State Check,,,,
2026-08-22 18:41:19,4.1,TC02-batch-20260822T180830-a18476,TC06-20260822T183908529355-6de730,TC06,cloud_restoration_scoped_edge_to_cloud_sync,183908,recovery_sync,0,,,,,,0,0,0,0,,,,,,,,,,300,0,0,,100.0,100.0,0,0,300,300,0.0,600,300,130.410776,300.0,43.457,44.191,0.0,0.0,303104.0,184320.0,0,Scoped to 300 accepted edge record(s) from batch TC02-batch-20260822T180830-a18476,Scoped Cloud Recovery Sync,,,,
2026-08-22 18:42:13,4.1,TC07-batch-20260822T184151-4d9be0,TC07-20260822T184151255278-run1-7354ec,TC07,end_to_end_recovery_lifecycle,1,normal_to_failure_to_recovery,30,0.2,5.0,1.34,22.394951,medium,30,0,20,10,True,available -> failed -> restored,available,1.0,2.329259,2.019966,0.287937,0.366695,100.0,10,10,0,,100.0,100.0,0,0,10,10,0.0,620,310,4.04296,10.0,44.75,47.66,29.5,30.7,315392.0,188416.0,5,TC07 requests_per_phase=10; final_state=NORMAL; scoped recovery metrics use only outage records accepted by edge,End-to-End Recovery Lifecycle,100.0,33.33333333333333,26.8,
2026-08-22 18:42:36,4.1,TC07-batch-20260822T184151-4d9be0,TC07-20260822T184214183587-run2-408c2c,TC07,end_to_end_recovery_lifecycle,2,normal_to_failure_to_recovery,30,0.2,5.0,1.334,22.491257,medium,30,0,20,10,True,available -> failed -> restored,available,1.0,2.281124,2.014595,0.263595,0.219556,100.0,10,10,0,,100.0,100.0,0,0,10,10,0.0,650,320,5.096315,10.0,43.059,49.379,0.0,0.0,327680.0,192512.0,5,TC07 requests_per_phase=10; final_state=NORMAL; scoped recovery metrics use only outage records accepted by edge,End-to-End Recovery Lifecycle,100.0,33.33333333333333,26.680000000000003,
2026-08-22 18:43:02,4.1,TC07-batch-20260822T184151-4d9be0,TC07-20260822T184237197894-run3-c4c88e,TC07,end_to_end_recovery_lifecycle,3,normal_to_failure_to_recovery,30,0.2,5.0,1.186,25.28875,medium,29,1,20,9,True,available -> failed -> restored,available,1.0,2.20656,2.013448,0.427117,2.206569,96.67,10,10,0,,100.0,100.0,0,0,10,10,0.0,680,330,3.69603,10.0,43.125,46.172,0.0,0.0,348160.0,196608.0,5,TC07 requests_per_phase=10; final_state=NORMAL; scoped recovery metrics use only outage records accepted by edge,End-to-End Recovery Lifecycle,96.66666666666667,31.03448275862069,23.72,
2026-08-22 18:43:24,4.1,TC07-batch-20260822T184151-4d9be0,TC07-20260822T184303016055-run4-de86c9,TC07,end_to_end_recovery_lifecycle,4,normal_to_failure_to_recovery,30,0.2,5.0,1.385,21.665225,medium,30,0,20,10,True,available -> failed -> restored,available,1.0,2.231966,1.998647,0.281141,0.315112,100.0,10,10,0,,100.0,100.0,0,0,10,10,0.0,710,340,3.703296,10.0,43.184,49.984,0.0,0.0,356352.0,200704.0,5,TC07 requests_per_phase=10; final_state=NORMAL; scoped recovery metrics use only outage records accepted by edge,End-to-End Recovery Lifecycle,100.0,33.33333333333333,27.700000000000003,
2026-08-22 18:43:49,4.1,TC07-batch-20260822T184151-4d9be0,TC07-20260822T184325225993-run5-95a7a2,TC07,end_to_end_recovery_lifecycle,5,normal_to_failure_to_recovery,30,0.2,5.0,1.254,23.93272,medium,30,0,20,10,True,available -> failed -> restored,available,1.0,2.366843,2.014232,0.367014,1.550854,100.0,10,10,0,,100.0,100.0,0,0,10,10,0.0,740,350,3.967974,10.0,43.094,51.836,0.0,0.0,372736.0,204800.0,5,TC07 requests_per_phase=10; final_state=NORMAL; scoped recovery metrics use only outage records accepted by edge,End-to-End Recovery Lifecycle,100.0,33.33333333333333,25.080000000000002,
2026-08-22 18:44:11,4.1,TC07-batch-20260822T184151-4d9be0,TC07-20260822T184349680910-run6-999928,TC07,end_to_end_recovery_lifecycle,6,normal_to_failure_to_recovery,30,0.2,5.0,1.392,21.551207,medium,30,0,20,10,True,available -> failed -> restored,available,1.0,2.218287,2.013912,0.277793,0.3035,100.0,10,10,0,,100.0,100.0,0,0,10,10,0.0,770,360,3.599522,10.0,43.16,46.586,29.2,0.0,380928.0,208896.0,5,TC07 requests_per_phase=10; final_state=NORMAL; scoped recovery metrics use only outage records accepted by edge,End-to-End Recovery Lifecycle,100.0,33.33333333333333,27.839999999999996,
2026-08-22 18:44:38,4.1,TC07-batch-20260822T184151-4d9be0,TC07-20260822T184411764715-run7-11dd42,TC07,end_to_end_recovery_lifecycle,7,normal_to_failure_to_recovery,30,0.2,5.0,1.121,26.772312,medium,29,1,19,10,True,available -> failed -> restored,available,1.0,3.369966,3.513237,0.475976,3.36997,96.67,10,10,0,,100.0,100.0,0,0,10,10,0.0,800,370,3.609785,10.0,43.07,50.328,0.0,0.0,401408.0,212992.0,5,TC07 requests_per_phase=10; final_state=NORMAL; scoped recovery metrics use only outage records accepted by edge,End-to-End Recovery Lifecycle,96.66666666666667,34.48275862068966,22.42,
2026-08-22 18:45:02,4.1,TC07-batch-20260822T184151-4d9be0,TC07-20260822T184439061477-run8-9cf9e3,TC07,end_to_end_recovery_lifecycle,8,normal_to_failure_to_recovery,30,0.2,5.0,1.289,23.274605,medium,30,0,20,10,True,available -> failed -> restored,available,1.0,2.295634,1.999295,0.31457,0.406809,100.0,10,10,0,,100.0,100.0,0,0,10,10,0.0,830,380,4.178211,10.0,41.477,52.148,0.0,31.0,417792.0,217088.0,5,TC07 requests_per_phase=10; final_state=NORMAL; scoped recovery metrics use only outage records accepted by edge,End-to-End Recovery Lifecycle,100.0,33.33333333333333,25.779999999999998,
2026-08-22 18:45:26,4.1,TC07-batch-20260822T184151-4d9be0,TC07-20260822T184502878370-run9-27309f,TC07,end_to_end_recovery_lifecycle,9,normal_to_failure_to_recovery,30,0.2,5.0,1.297,23.135009,medium,30,0,20,10,True,available -> failed -> restored,available,1.0,2.357456,2.012482,0.305144,0.341799,100.0,10,10,0,,100.0,100.0,0,0,10,10,0.0,860,390,4.278937,10.0,43.047,47.43,20.2,0.0,425984.0,221184.0,5,TC07 requests_per_phase=10; final_state=NORMAL; scoped recovery metrics use only outage records accepted by edge,End-to-End Recovery Lifecycle,100.0,33.33333333333333,25.939999999999998,
2026-08-22 18:45:49,4.1,TC07-batch-20260822T184151-4d9be0,TC07-20260822T184526556295-run10-69bf45,TC07,end_to_end_recovery_lifecycle,10,normal_to_failure_to_recovery,30,0.2,5.0,1.309,22.919669,medium,30,0,20,10,True,available -> failed -> restored,available,1.0,2.234981,2.009252,0.316859,1.452128,100.0,10,10,0,,100.0,100.0,0,0,10,10,0.0,890,400,3.695737,10.0,43.062,50.797,0.0,0.0,438272.0,225280.0,5,TC07 requests_per_phase=10; final_state=NORMAL; scoped recovery metrics use only outage records accepted by edge,End-to-End Recovery Lifecycle,100.0,33.33333333333333,26.179999999999996,
