event_timestamp,version,batch_id,experiment_id,test_case_id,scenario,run_id,client_order_id,sync_direction,success,http_status,duration_seconds,error
2026-08-22T18:41:18.968,4.1,TC02-batch-20260822T180830-a18476,TC06-20260822T183908529355-6de730,TC06,cloud_restoration_scoped_edge_to_cloud_sync,183908,v41-TC02-1-1-c7fb0e0a,edge_to_cloud,True,201,0.365052,
2026-08-22T18:41:18.970,4.1,TC02-batch-20260822T180830-a18476,TC06-20260822T183908529355-6de730,TC06,cloud_restoration_scoped_edge_to_cloud_sync,183908,v41-TC02-1-2-11b995bd,edge_to_cloud,True,201,0.38463,
2026-08-22T18:41:18.971,4.1,TC02-batch-20260822T180830-a18476,TC06-20260822T183908529355-6de730,TC06,cloud_restoration_scoped_edge_to_cloud_sync,183908,v41-TC02-1-3-85e004bf,edge_to_cloud,True,201,0.380201,
2026-08-22T18:41:18.972,4.1,TC02-batch-20260822T180830-a18476,TC06-20260822T183908529355-6de730,TC06,cloud_restoration_scoped_edge_to_cloud_sync,183908,v41-TC02-1-4-4cab05fe,edge_to_cloud,True,201,0.372053,
2026-08-22T18:41:18.973,4.1,TC02-batch-20260822T180830-a18476,TC06-20260822T183908529355-6de730,TC06,cloud_restoration_scoped_edge_to_cloud_sync,183908,v41-TC02-1-5-5894e404,edge_to_cloud,True,201,0.399641,
2026-08-22T18:41:18.974,4.1,TC02-batch-20260822T180830-a18476,TC06-20260822T183908529355-6de730,TC06,cloud_restoration_scoped_edge_to_cloud_sync,183908,v41-TC02-1-6-918384b9,edge_to_cloud,True,201,0.522165,
2026-08-22T18:41:18.975,4.1,TC02-batch-20260822T180830-a18476,TC06-20260822T183908529355-6de730,TC06,cloud_restoration_scoped_edge_to_cloud_sync,183908,v41-TC02-1-7-d1917717,edge_to_cloud,True,201,0.368649,
2026-08-22T18:41:18.976,4.1,TC02-batch-20260822T180830-a18476,TC06-20260822T183908529355-6de730,TC06,cloud_restoration_scoped_edge_to_cloud_sync,183908,v41-TC02-1-8-dbf20b43,edge_to_cloud,True,201,0.373988,
2026-08-22T18:41:18.978,4.1,TC02-batch-20260822T180830-a18476,TC06-20260822T183908529355-6de730,TC06,cloud_restoration_scoped_edge_to_cloud_sync,183908,v41-TC02-1-9-83cfa2d2,edge_to_cloud,True,201,0.335876,
2026-08-22T18:41:18.983,4.1,TC02-batch-20260822T180830-a18476,TC06-20260822T183908529355-6de730,TC06,cloud_restoration_scoped_edge_to_cloud_sync,183908,v41-TC02-1-10-8bef7205,edge_to_cloud,True,201,0.356764,
2026-08-22T18:41:18.984,4.1,TC02-batch-20260822T180830-a18476,TC06-20260822T183908529355-6de730,TC06,cloud_restoration_scoped_edge_to_cloud_sync,183908,v41-TC02-1-11-66f7d1ce,edge_to_cloud,True,201,0.36798,
2026-08-22T18:41:18.985,4.1,TC02-batch-20260822T180830-a18476,TC06-20260822T183908529355-6de730,TC06,cloud_restoration_scoped_edge_to_cloud_sync,183908,v41-TC02-1-12-8aae46fd,edge_to_cloud,True,201,0.339323,
2026-08-22T18:41:18.987,4.1,TC02-batch-20260822T180830-a18476,TC06-20260822T183908529355-6de730,TC06,cloud_restoration_scoped_edge_to_cloud_sync,183908,v41-TC02-1-13-b76ea03e,edge_to_cloud,True,201,0.31042,
2026-08-22T18:41:18.988,4.1,TC02-batch-20260822T180830-a18476,TC06-20260822T183908529355-6de730,TC06,cloud_restoration_scoped_edge_to_cloud_sync,183908,v41-TC02-1-14-9d3425c6,edge_to_cloud,True,201,0.324775,
2026-08-22T18:41:18.989,4.1,TC02-batch-20260822T180830-a18476,TC06-20260822T183908529355-6de730,TC06,cloud_restoration_scoped_edge_to_cloud_sync,183908,v41-TC02-1-15-202738e3,edge_to_cloud,True,201,0.353942,
2026-08-22T18:41:18.991,4.1,TC02-batch-20260822T180830-a18476,TC06-20260822T183908529355-6de730,TC06,cloud_restoration_scoped_edge_to_cloud_sync,183908,v41-TC02-1-16-fac3921e,edge_to_cloud,True,201,0.320895,
2026-08-22T18:41:18.992,4.1,TC02-batch-20260822T180830-a18476,TC06-20260822T183908529355-6de730,TC06,cloud_restoration_scoped_edge_to_cloud_sync,183908,v41-TC02-1-17-b96ccce4,edge_to_cloud,True,201,0.34616,
2026-08-22T18:41:18.993,4.1,TC02-batch-20260822T180830-a18476,TC06-20260822T183908529355-6de730,TC06,cloud_restoration_scoped_edge_to_cloud_sync,183908,v41-TC02-1-18-3732861a,edge_to_cloud,True,201,0.341907,
2026-08-22T18:41:18.995,4.1,TC02-batch-20260822T180830-a18476,TC06-20260822T183908529355-6de730,TC06,cloud_restoration_scoped_edge_to_cloud_sync,183908,v41-TC02-1-19-68e89750,edge_to_cloud,True,201,0.367462,
2026-08-22T18:41:18.999,4.1,TC02-batch-20260822T180830-a18476,TC06-20260822T183908529355-6de730,TC06,cloud_restoration_scoped_edge_to_cloud_sync,183908,v41-TC02-1-20-848a7f7b,edge_to_cloud,True,201,0.332451,
2026-08-22T18:41:19.000,4.1,TC02-batch-20260822T180830-a18476,TC06-20260822T183908529355-6de730,TC06,cloud_restoration_scoped_edge_to_cloud_sync,183908,v41-TC02-1-21-411950a5,edge_to_cloud,True,201,0.322395,
2026-08-22T18:41:19.001,4.1,TC02-batch-20260822T180830-a18476,TC06-20260822T183908529355-6de730,TC06,cloud_restoration_scoped_edge_to_cloud_sync,183908,v41-TC02-1-22-9a20c5af,edge_to_cloud,True,201,0.344702,
2026-08-22T18:41:19.002,4.1,TC02-batch-20260822T180830-a18476,TC06-20260822T183908529355-6de730,TC06,cloud_restoration_scoped_edge_to_cloud_sync,183908,v41-TC02-1-23-8f7a5edd,edge_to_cloud,True,201,0.356617,
2026-08-22T18:41:19.003,4.1,TC02-batch-20260822T180830-a18476,TC06-20260822T183908529355-6de730,TC06,cloud_restoration_scoped_edge_to_cloud_sync,183908,v41-TC02-1-24-9632eefa,edge_to_cloud,True,201,0.35534,
2026-08-22T18:41:19.004,4.1,TC02-batch-20260822T180830-a18476,TC06-20260822T183908529355-6de730,TC06,cloud_restoration_scoped_edge_to_cloud_sync,183908,v41-TC02-1-25-1be40dd7,edge_to_cloud,True,201,0.355003,
2026-08-22T18:41:19.005,4.1,TC02-batch-20260822T180830-a18476,TC06-20260822T183908529355-6de730,TC06,cloud_restoration_scoped_edge_to_cloud_sync,183908,v41-TC02-1-26-af058ea9,edge_to_cloud,True,201,0.340106,
2026-08-22T18:41:19.006,4.1,TC02-batch-20260822T180830-a18476,TC06-20260822T183908529355-6de730,TC06,cloud_restoration_scoped_edge_to_cloud_sync,183908,v41-TC02-1-27-9bc15343,edge_to_cloud,True,201,0.346348,
2026-08-22T18:41:19.007,4.1,TC02-batch-20260822T180830-a18476,TC06-20260822T183908529355-6de730,TC06,cloud_restoration_scoped_edge_to_cloud_sync,183908,v41-TC02-1-28-6d0fd98b,edge_to_cloud,True,201,0.323634,
2026-08-22T18:41:19.008,4.1,TC02-batch-20260822T180830-a18476,TC06-20260822T183908529355-6de730,TC06,cloud_restoration_scoped_edge_to_cloud_sync,183908,v41-TC02-1-29-1e538b95,edge_to_cloud,True,201,0.323256,
2026-08-22T18:41:19.009,4.1,TC02-batch-20260822T180830-a18476,TC06-20260822T183908529355-6de730,TC06,cloud_restoration_scoped_edge_to_cloud_sync,183908,v41-TC02-1-30-fbba9b4e,edge_to_cloud,True,201,0.373749,
2026-08-22T18:41:19.010,4.1,TC02-batch-20260822T180830-a18476,TC06-20260822T183908529355-6de730,TC06,cloud_restoration_scoped_edge_to_cloud_sync,183908,v41-TC02-2-1-5ac495c2,edge_to_cloud,True,201,0.346198,
2026-08-22T18:41:19.011,4.1,TC02-batch-20260822T180830-a18476,TC06-20260822T183908529355-6de730,TC06,cloud_restoration_scoped_edge_to_cloud_sync,183908,v41-TC02-2-2-c58208a8,edge_to_cloud,True,201,0.342547,
2026-08-22T18:41:19.011,4.1,TC02-batch-20260822T180830-a18476,TC06-20260822T183908529355-6de730,TC06,cloud_restoration_scoped_edge_to_cloud_sync,183908,v41-TC02-2-3-504547f3,edge_to_cloud,True,201,0.376811,
2026-08-22T18:41:19.012,4.1,TC02-batch-20260822T180830-a18476,TC06-20260822T183908529355-6de730,TC06,cloud_restoration_scoped_edge_to_cloud_sync,183908,v41-TC02-2-4-fddad731,edge_to_cloud,True,201,0.43346,
2026-08-22T18:41:19.014,4.1,TC02-batch-20260822T180830-a18476,TC06-20260822T183908529355-6de730,TC06,cloud_restoration_scoped_edge_to_cloud_sync,183908,v41-TC02-2-5-2666940a,edge_to_cloud,True,201,0.355091,
2026-08-22T18:41:19.015,4.1,TC02-batch-20260822T180830-a18476,TC06-20260822T183908529355-6de730,TC06,cloud_restoration_scoped_edge_to_cloud_sync,183908,v41-TC02-2-6-13f21a39,edge_to_cloud,True,201,0.366324,
2026-08-22T18:41:19.016,4.1,TC02-batch-20260822T180830-a18476,TC06-20260822T183908529355-6de730,TC06,cloud_restoration_scoped_edge_to_cloud_sync,183908,v41-TC02-2-7-2496a277,edge_to_cloud,True,201,0.433151,
2026-08-22T18:41:19.016,4.1,TC02-batch-20260822T180830-a18476,TC06-20260822T183908529355-6de730,TC06,cloud_restoration_scoped_edge_to_cloud_sync,183908,v41-TC02-2-8-6e3b8e83,edge_to_cloud,True,201,0.368947,
2026-08-22T18:41:19.018,4.1,TC02-batch-20260822T180830-a18476,TC06-20260822T183908529355-6de730,TC06,cloud_restoration_scoped_edge_to_cloud_sync,183908,v41-TC02-2-9-deb45237,edge_to_cloud,True,201,0.375627,
2026-08-22T18:41:19.019,4.1,TC02-batch-20260822T180830-a18476,TC06-20260822T183908529355-6de730,TC06,cloud_restoration_scoped_edge_to_cloud_sync,183908,v41-TC02-2-10-380f358c,edge_to_cloud,True,201,0.410226,
2026-08-22T18:41:19.020,4.1,TC02-batch-20260822T180830-a18476,TC06-20260822T183908529355-6de730,TC06,cloud_restoration_scoped_edge_to_cloud_sync,183908,v41-TC02-2-11-59ea859b,edge_to_cloud,True,201,0.361669,
2026-08-22T18:41:19.021,4.1,TC02-batch-20260822T180830-a18476,TC06-20260822T183908529355-6de730,TC06,cloud_restoration_scoped_edge_to_cloud_sync,183908,v41-TC02-2-12-f12bf356,edge_to_cloud,True,201,0.481203,
2026-08-22T18:41:19.022,4.1,TC02-batch-20260822T180830-a18476,TC06-20260822T183908529355-6de730,TC06,cloud_restoration_scoped_edge_to_cloud_sync,183908,v41-TC02-2-13-5f46b0b6,edge_to_cloud,True,201,0.381049,
2026-08-22T18:41:19.023,4.1,TC02-batch-20260822T180830-a18476,TC06-20260822T183908529355-6de730,TC06,cloud_restoration_scoped_edge_to_cloud_sync,183908,v41-TC02-2-14-cd654fb8,edge_to_cloud,True,201,0.318807,
2026-08-22T18:41:19.024,4.1,TC02-batch-20260822T180830-a18476,TC06-20260822T183908529355-6de730,TC06,cloud_restoration_scoped_edge_to_cloud_sync,183908,v41-TC02-2-15-b3b335e8,edge_to_cloud,True,201,0.367323,
2026-08-22T18:41:19.024,4.1,TC02-batch-20260822T180830-a18476,TC06-20260822T183908529355-6de730,TC06,cloud_restoration_scoped_edge_to_cloud_sync,183908,v41-TC02-2-16-74dbfa64,edge_to_cloud,True,201,0.344962,
2026-08-22T18:41:19.025,4.1,TC02-batch-20260822T180830-a18476,TC06-20260822T183908529355-6de730,TC06,cloud_restoration_scoped_edge_to_cloud_sync,183908,v41-TC02-2-17-8ea6d93a,edge_to_cloud,True,201,0.367578,
2026-08-22T18:41:19.026,4.1,TC02-batch-20260822T180830-a18476,TC06-20260822T183908529355-6de730,TC06,cloud_restoration_scoped_edge_to_cloud_sync,183908,v41-TC02-2-18-344f329e,edge_to_cloud,True,201,0.476947,
2026-08-22T18:41:19.027,4.1,TC02-batch-20260822T180830-a18476,TC06-20260822T183908529355-6de730,TC06,cloud_restoration_scoped_edge_to_cloud_sync,183908,v41-TC02-2-19-8a0c5837,edge_to_cloud,True,201,0.411987,
2026-08-22T18:41:19.028,4.1,TC02-batch-20260822T180830-a18476,TC06-20260822T183908529355-6de730,TC06,cloud_restoration_scoped_edge_to_cloud_sync,183908,v41-TC02-2-20-a8ea86f8,edge_to_cloud,True,201,0.36528,
2026-08-22T18:41:19.028,4.1,TC02-batch-20260822T180830-a18476,TC06-20260822T183908529355-6de730,TC06,cloud_restoration_scoped_edge_to_cloud_sync,183908,v41-TC02-2-21-652279a9,edge_to_cloud,True,201,0.397775,
2026-08-22T18:41:19.029,4.1,TC02-batch-20260822T180830-a18476,TC06-20260822T183908529355-6de730,TC06,cloud_restoration_scoped_edge_to_cloud_sync,183908,v41-TC02-2-22-12f3791c,edge_to_cloud,True,201,0.440152,
2026-08-22T18:41:19.030,4.1,TC02-batch-20260822T180830-a18476,TC06-20260822T183908529355-6de730,TC06,cloud_restoration_scoped_edge_to_cloud_sync,183908,v41-TC02-2-23-e94ff8a9,edge_to_cloud,True,201,0.358958,
2026-08-22T18:41:19.031,4.1,TC02-batch-20260822T180830-a18476,TC06-20260822T183908529355-6de730,TC06,cloud_restoration_scoped_edge_to_cloud_sync,183908,v41-TC02-2-24-0994274c,edge_to_cloud,True,201,0.310893,
2026-08-22T18:41:19.032,4.1,TC02-batch-20260822T180830-a18476,TC06-20260822T183908529355-6de730,TC06,cloud_restoration_scoped_edge_to_cloud_sync,183908,v41-TC02-2-25-8507243c,edge_to_cloud,True,201,0.366969,
2026-08-22T18:41:19.033,4.1,TC02-batch-20260822T180830-a18476,TC06-20260822T183908529355-6de730,TC06,cloud_restoration_scoped_edge_to_cloud_sync,183908,v41-TC02-2-26-8da457cf,edge_to_cloud,True,201,0.355493,
2026-08-22T18:41:19.033,4.1,TC02-batch-20260822T180830-a18476,TC06-20260822T183908529355-6de730,TC06,cloud_restoration_scoped_edge_to_cloud_sync,183908,v41-TC02-2-27-834ff91e,edge_to_cloud,True,201,0.347388,
2026-08-22T18:41:19.034,4.1,TC02-batch-20260822T180830-a18476,TC06-20260822T183908529355-6de730,TC06,cloud_restoration_scoped_edge_to_cloud_sync,183908,v41-TC02-2-28-84d22eee,edge_to_cloud,True,201,0.364241,
2026-08-22T18:41:19.035,4.1,TC02-batch-20260822T180830-a18476,TC06-20260822T183908529355-6de730,TC06,cloud_restoration_scoped_edge_to_cloud_sync,183908,v41-TC02-2-29-6ddcdbe7,edge_to_cloud,True,201,0.378732,
2026-08-22T18:41:19.036,4.1,TC02-batch-20260822T180830-a18476,TC06-20260822T183908529355-6de730,TC06,cloud_restoration_scoped_edge_to_cloud_sync,183908,v41-TC02-2-30-a1b39423,edge_to_cloud,True,201,0.341364,
2026-08-22T18:41:19.037,4.1,TC02-batch-20260822T180830-a18476,TC06-20260822T183908529355-6de730,TC06,cloud_restoration_scoped_edge_to_cloud_sync,183908,v41-TC02-3-1-e77862f6,edge_to_cloud,True,201,0.368501,
2026-08-22T18:41:19.038,4.1,TC02-batch-20260822T180830-a18476,TC06-20260822T183908529355-6de730,TC06,cloud_restoration_scoped_edge_to_cloud_sync,183908,v41-TC02-3-2-9d48af42,edge_to_cloud,True,201,0.519352,
2026-08-22T18:41:19.039,4.1,TC02-batch-20260822T180830-a18476,TC06-20260822T183908529355-6de730,TC06,cloud_restoration_scoped_edge_to_cloud_sync,183908,v41-TC02-3-3-98a8d31d,edge_to_cloud,True,201,0.355675,
2026-08-22T18:41:19.040,4.1,TC02-batch-20260822T180830-a18476,TC06-20260822T183908529355-6de730,TC06,cloud_restoration_scoped_edge_to_cloud_sync,183908,v41-TC02-3-4-d61d415f,edge_to_cloud,True,201,0.462945,
2026-08-22T18:41:19.040,4.1,TC02-batch-20260822T180830-a18476,TC06-20260822T183908529355-6de730,TC06,cloud_restoration_scoped_edge_to_cloud_sync,183908,v41-TC02-3-5-3e46c075,edge_to_cloud,True,201,0.425589,
2026-08-22T18:41:19.041,4.1,TC02-batch-20260822T180830-a18476,TC06-20260822T183908529355-6de730,TC06,cloud_restoration_scoped_edge_to_cloud_sync,183908,v41-TC02-3-6-e0c7f569,edge_to_cloud,True,201,0.37814,
2026-08-22T18:41:19.042,4.1,TC02-batch-20260822T180830-a18476,TC06-20260822T183908529355-6de730,TC06,cloud_restoration_scoped_edge_to_cloud_sync,183908,v41-TC02-3-7-4919ef3b,edge_to_cloud,True,201,0.479096,
2026-08-22T18:41:19.043,4.1,TC02-batch-20260822T180830-a18476,TC06-20260822T183908529355-6de730,TC06,cloud_restoration_scoped_edge_to_cloud_sync,183908,v41-TC02-3-8-d64adbdd,edge_to_cloud,True,201,0.376789,
2026-08-22T18:41:19.044,4.1,TC02-batch-20260822T180830-a18476,TC06-20260822T183908529355-6de730,TC06,cloud_restoration_scoped_edge_to_cloud_sync,183908,v41-TC02-3-9-ff636bdf,edge_to_cloud,True,201,0.353798,
2026-08-22T18:41:19.045,4.1,TC02-batch-20260822T180830-a18476,TC06-20260822T183908529355-6de730,TC06,cloud_restoration_scoped_edge_to_cloud_sync,183908,v41-TC02-3-10-42c9983d,edge_to_cloud,True,201,0.444001,
2026-08-22T18:41:19.045,4.1,TC02-batch-20260822T180830-a18476,TC06-20260822T183908529355-6de730,TC06,cloud_restoration_scoped_edge_to_cloud_sync,183908,v41-TC02-3-11-06b181cf,edge_to_cloud,True,201,0.391716,
2026-08-22T18:41:19.046,4.1,TC02-batch-20260822T180830-a18476,TC06-20260822T183908529355-6de730,TC06,cloud_restoration_scoped_edge_to_cloud_sync,183908,v41-TC02-3-12-b0fc99cb,edge_to_cloud,True,201,0.452594,
2026-08-22T18:41:19.047,4.1,TC02-batch-20260822T180830-a18476,TC06-20260822T183908529355-6de730,TC06,cloud_restoration_scoped_edge_to_cloud_sync,183908,v41-TC02-3-13-28920eea,edge_to_cloud,True,201,0.366643,
2026-08-22T18:41:19.048,4.1,TC02-batch-20260822T180830-a18476,TC06-20260822T183908529355-6de730,TC06,cloud_restoration_scoped_edge_to_cloud_sync,183908,v41-TC02-3-14-809d9541,edge_to_cloud,True,201,0.366602,
2026-08-22T18:41:19.049,4.1,TC02-batch-20260822T180830-a18476,TC06-20260822T183908529355-6de730,TC06,cloud_restoration_scoped_edge_to_cloud_sync,183908,v41-TC02-3-15-ce099e19,edge_to_cloud,True,201,0.49961,
2026-08-22T18:41:19.050,4.1,TC02-batch-20260822T180830-a18476,TC06-20260822T183908529355-6de730,TC06,cloud_restoration_scoped_edge_to_cloud_sync,183908,v41-TC02-3-16-7d0b692d,edge_to_cloud,True,201,0.57342,
2026-08-22T18:41:19.051,4.1,TC02-batch-20260822T180830-a18476,TC06-20260822T183908529355-6de730,TC06,cloud_restoration_scoped_edge_to_cloud_sync,183908,v41-TC02-3-17-fbee86bc,edge_to_cloud,True,201,0.648256,
2026-08-22T18:41:19.051,4.1,TC02-batch-20260822T180830-a18476,TC06-20260822T183908529355-6de730,TC06,cloud_restoration_scoped_edge_to_cloud_sync,183908,v41-TC02-3-18-2f7747ac,edge_to_cloud,True,201,0.557708,
2026-08-22T18:41:19.052,4.1,TC02-batch-20260822T180830-a18476,TC06-20260822T183908529355-6de730,TC06,cloud_restoration_scoped_edge_to_cloud_sync,183908,v41-TC02-3-19-c355f6b8,edge_to_cloud,True,201,0.51622,
2026-08-22T18:41:19.053,4.1,TC02-batch-20260822T180830-a18476,TC06-20260822T183908529355-6de730,TC06,cloud_restoration_scoped_edge_to_cloud_sync,183908,v41-TC02-3-20-27ab0cb4,edge_to_cloud,True,201,0.535765,
2026-08-22T18:41:19.054,4.1,TC02-batch-20260822T180830-a18476,TC06-20260822T183908529355-6de730,TC06,cloud_restoration_scoped_edge_to_cloud_sync,183908,v41-TC02-3-21-aab61dfa,edge_to_cloud,True,201,0.512234,
2026-08-22T18:41:19.055,4.1,TC02-batch-20260822T180830-a18476,TC06-20260822T183908529355-6de730,TC06,cloud_restoration_scoped_edge_to_cloud_sync,183908,v41-TC02-3-22-e9c32983,edge_to_cloud,True,201,0.358689,
2026-08-22T18:41:19.055,4.1,TC02-batch-20260822T180830-a18476,TC06-20260822T183908529355-6de730,TC06,cloud_restoration_scoped_edge_to_cloud_sync,183908,v41-TC02-3-23-1328f4ec,edge_to_cloud,True,201,0.318062,
2026-08-22T18:41:19.056,4.1,TC02-batch-20260822T180830-a18476,TC06-20260822T183908529355-6de730,TC06,cloud_restoration_scoped_edge_to_cloud_sync,183908,v41-TC02-3-24-fec8ffe2,edge_to_cloud,True,201,0.499805,
2026-08-22T18:41:19.057,4.1,TC02-batch-20260822T180830-a18476,TC06-20260822T183908529355-6de730,TC06,cloud_restoration_scoped_edge_to_cloud_sync,183908,v41-TC02-3-25-d955c008,edge_to_cloud,True,201,0.327829,
2026-08-22T18:41:19.058,4.1,TC02-batch-20260822T180830-a18476,TC06-20260822T183908529355-6de730,TC06,cloud_restoration_scoped_edge_to_cloud_sync,183908,v41-TC02-3-26-bad8170f,edge_to_cloud,True,201,0.349247,
2026-08-22T18:41:19.059,4.1,TC02-batch-20260822T180830-a18476,TC06-20260822T183908529355-6de730,TC06,cloud_restoration_scoped_edge_to_cloud_sync,183908,v41-TC02-3-27-54eabea0,edge_to_cloud,True,201,0.488729,
2026-08-22T18:41:19.059,4.1,TC02-batch-20260822T180830-a18476,TC06-20260822T183908529355-6de730,TC06,cloud_restoration_scoped_edge_to_cloud_sync,183908,v41-TC02-3-28-0901945a,edge_to_cloud,True,201,0.377732,
2026-08-22T18:41:19.060,4.1,TC02-batch-20260822T180830-a18476,TC06-20260822T183908529355-6de730,TC06,cloud_restoration_scoped_edge_to_cloud_sync,183908,v41-TC02-3-29-334f79b1,edge_to_cloud,True,201,0.36644,
2026-08-22T18:41:19.061,4.1,TC02-batch-20260822T180830-a18476,TC06-20260822T183908529355-6de730,TC06,cloud_restoration_scoped_edge_to_cloud_sync,183908,v41-TC02-3-30-9c1eee38,edge_to_cloud,True,201,0.468176,
2026-08-22T18:41:19.062,4.1,TC02-batch-20260822T180830-a18476,TC06-20260822T183908529355-6de730,TC06,cloud_restoration_scoped_edge_to_cloud_sync,183908,v41-TC02-4-1-1120c5e8,edge_to_cloud,True,201,0.357747,
2026-08-22T18:41:19.063,4.1,TC02-batch-20260822T180830-a18476,TC06-20260822T183908529355-6de730,TC06,cloud_restoration_scoped_edge_to_cloud_sync,183908,v41-TC02-4-2-b62f9baf,edge_to_cloud,True,201,0.44379,
2026-08-22T18:41:19.064,4.1,TC02-batch-20260822T180830-a18476,TC06-20260822T183908529355-6de730,TC06,cloud_restoration_scoped_edge_to_cloud_sync,183908,v41-TC02-4-3-5e7155c4,edge_to_cloud,True,201,0.458583,
2026-08-22T18:41:19.065,4.1,TC02-batch-20260822T180830-a18476,TC06-20260822T183908529355-6de730,TC06,cloud_restoration_scoped_edge_to_cloud_sync,183908,v41-TC02-4-4-780d1d00,edge_to_cloud,True,201,0.533294,
2026-08-22T18:41:19.066,4.1,TC02-batch-20260822T180830-a18476,TC06-20260822T183908529355-6de730,TC06,cloud_restoration_scoped_edge_to_cloud_sync,183908,v41-TC02-4-5-afdded3f,edge_to_cloud,True,201,0.566637,
2026-08-22T18:41:19.066,4.1,TC02-batch-20260822T180830-a18476,TC06-20260822T183908529355-6de730,TC06,cloud_restoration_scoped_edge_to_cloud_sync,183908,v41-TC02-4-6-b9a56db6,edge_to_cloud,True,201,0.532132,
2026-08-22T18:41:19.067,4.1,TC02-batch-20260822T180830-a18476,TC06-20260822T183908529355-6de730,TC06,cloud_restoration_scoped_edge_to_cloud_sync,183908,v41-TC02-4-7-06f0b7ab,edge_to_cloud,True,201,0.544314,
2026-08-22T18:41:19.068,4.1,TC02-batch-20260822T180830-a18476,TC06-20260822T183908529355-6de730,TC06,cloud_restoration_scoped_edge_to_cloud_sync,183908,v41-TC02-4-8-00787e97,edge_to_cloud,True,201,0.389048,
2026-08-22T18:41:19.069,4.1,TC02-batch-20260822T180830-a18476,TC06-20260822T183908529355-6de730,TC06,cloud_restoration_scoped_edge_to_cloud_sync,183908,v41-TC02-4-9-dd0b616f,edge_to_cloud,True,201,0.399748,
2026-08-22T18:41:19.070,4.1,TC02-batch-20260822T180830-a18476,TC06-20260822T183908529355-6de730,TC06,cloud_restoration_scoped_edge_to_cloud_sync,183908,v41-TC02-4-10-15baf453,edge_to_cloud,True,201,0.433425,
2026-08-22T18:41:19.071,4.1,TC02-batch-20260822T180830-a18476,TC06-20260822T183908529355-6de730,TC06,cloud_restoration_scoped_edge_to_cloud_sync,183908,v41-TC02-4-11-1cab2e17,edge_to_cloud,True,201,0.540716,
2026-08-22T18:41:19.072,4.1,TC02-batch-20260822T180830-a18476,TC06-20260822T183908529355-6de730,TC06,cloud_restoration_scoped_edge_to_cloud_sync,183908,v41-TC02-4-12-be789e4f,edge_to_cloud,True,201,0.545825,
2026-08-22T18:41:19.072,4.1,TC02-batch-20260822T180830-a18476,TC06-20260822T183908529355-6de730,TC06,cloud_restoration_scoped_edge_to_cloud_sync,183908,v41-TC02-4-13-27192493,edge_to_cloud,True,201,0.522947,
2026-08-22T18:41:19.073,4.1,TC02-batch-20260822T180830-a18476,TC06-20260822T183908529355-6de730,TC06,cloud_restoration_scoped_edge_to_cloud_sync,183908,v41-TC02-4-14-227f7853,edge_to_cloud,True,201,0.511996,
2026-08-22T18:41:19.074,4.1,TC02-batch-20260822T180830-a18476,TC06-20260822T183908529355-6de730,TC06,cloud_restoration_scoped_edge_to_cloud_sync,183908,v41-TC02-4-15-6d8622e4,edge_to_cloud,True,201,0.473291,
2026-08-22T18:41:19.075,4.1,TC02-batch-20260822T180830-a18476,TC06-20260822T183908529355-6de730,TC06,cloud_restoration_scoped_edge_to_cloud_sync,183908,v41-TC02-4-16-ffd10b0d,edge_to_cloud,True,201,0.482148,
2026-08-22T18:41:19.076,4.1,TC02-batch-20260822T180830-a18476,TC06-20260822T183908529355-6de730,TC06,cloud_restoration_scoped_edge_to_cloud_sync,183908,v41-TC02-4-17-b1da4f9d,edge_to_cloud,True,201,0.47706,
2026-08-22T18:41:19.076,4.1,TC02-batch-20260822T180830-a18476,TC06-20260822T183908529355-6de730,TC06,cloud_restoration_scoped_edge_to_cloud_sync,183908,v41-TC02-4-18-521a6d58,edge_to_cloud,True,201,0.563959,
2026-08-22T18:41:19.077,4.1,TC02-batch-20260822T180830-a18476,TC06-20260822T183908529355-6de730,TC06,cloud_restoration_scoped_edge_to_cloud_sync,183908,v41-TC02-4-19-817ce38e,edge_to_cloud,True,201,0.593601,
2026-08-22T18:41:19.078,4.1,TC02-batch-20260822T180830-a18476,TC06-20260822T183908529355-6de730,TC06,cloud_restoration_scoped_edge_to_cloud_sync,183908,v41-TC02-4-20-cfa355eb,edge_to_cloud,True,201,0.535621,
2026-08-22T18:41:19.079,4.1,TC02-batch-20260822T180830-a18476,TC06-20260822T183908529355-6de730,TC06,cloud_restoration_scoped_edge_to_cloud_sync,183908,v41-TC02-4-21-54cbd8c9,edge_to_cloud,True,201,0.352033,
2026-08-22T18:41:19.079,4.1,TC02-batch-20260822T180830-a18476,TC06-20260822T183908529355-6de730,TC06,cloud_restoration_scoped_edge_to_cloud_sync,183908,v41-TC02-4-22-7692563a,edge_to_cloud,True,201,0.346902,
2026-08-22T18:41:19.080,4.1,TC02-batch-20260822T180830-a18476,TC06-20260822T183908529355-6de730,TC06,cloud_restoration_scoped_edge_to_cloud_sync,183908,v41-TC02-4-23-e3332045,edge_to_cloud,True,201,0.35009,
2026-08-22T18:41:19.081,4.1,TC02-batch-20260822T180830-a18476,TC06-20260822T183908529355-6de730,TC06,cloud_restoration_scoped_edge_to_cloud_sync,183908,v41-TC02-4-24-3243faca,edge_to_cloud,True,201,1.615288,
2026-08-22T18:41:19.082,4.1,TC02-batch-20260822T180830-a18476,TC06-20260822T183908529355-6de730,TC06,cloud_restoration_scoped_edge_to_cloud_sync,183908,v41-TC02-4-25-9ef356a4,edge_to_cloud,True,201,0.384575,
2026-08-22T18:41:19.083,4.1,TC02-batch-20260822T180830-a18476,TC06-20260822T183908529355-6de730,TC06,cloud_restoration_scoped_edge_to_cloud_sync,183908,v41-TC02-4-26-7edc48f1,edge_to_cloud,True,201,0.356746,
2026-08-22T18:41:19.084,4.1,TC02-batch-20260822T180830-a18476,TC06-20260822T183908529355-6de730,TC06,cloud_restoration_scoped_edge_to_cloud_sync,183908,v41-TC02-4-27-65ffe866,edge_to_cloud,True,201,0.430838,
2026-08-22T18:41:19.086,4.1,TC02-batch-20260822T180830-a18476,TC06-20260822T183908529355-6de730,TC06,cloud_restoration_scoped_edge_to_cloud_sync,183908,v41-TC02-4-28-992f5e11,edge_to_cloud,True,201,0.366091,
2026-08-22T18:41:19.087,4.1,TC02-batch-20260822T180830-a18476,TC06-20260822T183908529355-6de730,TC06,cloud_restoration_scoped_edge_to_cloud_sync,183908,v41-TC02-4-29-db7062a5,edge_to_cloud,True,201,0.452215,
2026-08-22T18:41:19.088,4.1,TC02-batch-20260822T180830-a18476,TC06-20260822T183908529355-6de730,TC06,cloud_restoration_scoped_edge_to_cloud_sync,183908,v41-TC02-4-30-a2d34e96,edge_to_cloud,True,201,0.381081,
2026-08-22T18:41:19.089,4.1,TC02-batch-20260822T180830-a18476,TC06-20260822T183908529355-6de730,TC06,cloud_restoration_scoped_edge_to_cloud_sync,183908,v41-TC02-5-1-9bc62000,edge_to_cloud,True,201,0.411492,
2026-08-22T18:41:19.090,4.1,TC02-batch-20260822T180830-a18476,TC06-20260822T183908529355-6de730,TC06,cloud_restoration_scoped_edge_to_cloud_sync,183908,v41-TC02-5-2-9c3bcdef,edge_to_cloud,True,201,0.453276,
2026-08-22T18:41:19.091,4.1,TC02-batch-20260822T180830-a18476,TC06-20260822T183908529355-6de730,TC06,cloud_restoration_scoped_edge_to_cloud_sync,183908,v41-TC02-5-3-80ba5ed4,edge_to_cloud,True,201,0.366792,
2026-08-22T18:41:19.091,4.1,TC02-batch-20260822T180830-a18476,TC06-20260822T183908529355-6de730,TC06,cloud_restoration_scoped_edge_to_cloud_sync,183908,v41-TC02-5-4-48234f09,edge_to_cloud,True,201,0.412376,
2026-08-22T18:41:19.092,4.1,TC02-batch-20260822T180830-a18476,TC06-20260822T183908529355-6de730,TC06,cloud_restoration_scoped_edge_to_cloud_sync,183908,v41-TC02-5-5-70a22fab,edge_to_cloud,True,201,0.485507,
2026-08-22T18:41:19.093,4.1,TC02-batch-20260822T180830-a18476,TC06-20260822T183908529355-6de730,TC06,cloud_restoration_scoped_edge_to_cloud_sync,183908,v41-TC02-5-6-606ef3ec,edge_to_cloud,True,201,0.348076,
2026-08-22T18:41:19.094,4.1,TC02-batch-20260822T180830-a18476,TC06-20260822T183908529355-6de730,TC06,cloud_restoration_scoped_edge_to_cloud_sync,183908,v41-TC02-5-7-4c593b0f,edge_to_cloud,True,201,0.419589,
2026-08-22T18:41:19.094,4.1,TC02-batch-20260822T180830-a18476,TC06-20260822T183908529355-6de730,TC06,cloud_restoration_scoped_edge_to_cloud_sync,183908,v41-TC02-5-8-c04c7c02,edge_to_cloud,True,201,0.352625,
2026-08-22T18:41:19.095,4.1,TC02-batch-20260822T180830-a18476,TC06-20260822T183908529355-6de730,TC06,cloud_restoration_scoped_edge_to_cloud_sync,183908,v41-TC02-5-9-a60a3e45,edge_to_cloud,True,201,0.33953,
2026-08-22T18:41:19.096,4.1,TC02-batch-20260822T180830-a18476,TC06-20260822T183908529355-6de730,TC06,cloud_restoration_scoped_edge_to_cloud_sync,183908,v41-TC02-5-10-d886c059,edge_to_cloud,True,201,0.467434,
2026-08-22T18:41:19.098,4.1,TC02-batch-20260822T180830-a18476,TC06-20260822T183908529355-6de730,TC06,cloud_restoration_scoped_edge_to_cloud_sync,183908,v41-TC02-5-11-f3b20588,edge_to_cloud,True,201,0.339983,
2026-08-22T18:41:19.099,4.1,TC02-batch-20260822T180830-a18476,TC06-20260822T183908529355-6de730,TC06,cloud_restoration_scoped_edge_to_cloud_sync,183908,v41-TC02-5-12-5733f56b,edge_to_cloud,True,201,0.32478,
2026-08-22T18:41:19.099,4.1,TC02-batch-20260822T180830-a18476,TC06-20260822T183908529355-6de730,TC06,cloud_restoration_scoped_edge_to_cloud_sync,183908,v41-TC02-5-13-4c5c756a,edge_to_cloud,True,201,0.466383,
2026-08-22T18:41:19.100,4.1,TC02-batch-20260822T180830-a18476,TC06-20260822T183908529355-6de730,TC06,cloud_restoration_scoped_edge_to_cloud_sync,183908,v41-TC02-5-14-8d640dda,edge_to_cloud,True,201,0.567122,
2026-08-22T18:41:19.101,4.1,TC02-batch-20260822T180830-a18476,TC06-20260822T183908529355-6de730,TC06,cloud_restoration_scoped_edge_to_cloud_sync,183908,v41-TC02-5-15-3d6604db,edge_to_cloud,True,201,0.532307,
2026-08-22T18:41:19.102,4.1,TC02-batch-20260822T180830-a18476,TC06-20260822T183908529355-6de730,TC06,cloud_restoration_scoped_edge_to_cloud_sync,183908,v41-TC02-5-16-5ecd046b,edge_to_cloud,True,201,0.522907,
2026-08-22T18:41:19.102,4.1,TC02-batch-20260822T180830-a18476,TC06-20260822T183908529355-6de730,TC06,cloud_restoration_scoped_edge_to_cloud_sync,183908,v41-TC02-5-17-891e9167,edge_to_cloud,True,201,0.53461,
2026-08-22T18:41:19.103,4.1,TC02-batch-20260822T180830-a18476,TC06-20260822T183908529355-6de730,TC06,cloud_restoration_scoped_edge_to_cloud_sync,183908,v41-TC02-5-18-0eb3afbc,edge_to_cloud,True,201,0.552756,
2026-08-22T18:41:19.104,4.1,TC02-batch-20260822T180830-a18476,TC06-20260822T183908529355-6de730,TC06,cloud_restoration_scoped_edge_to_cloud_sync,183908,v41-TC02-5-19-9768ac2b,edge_to_cloud,True,201,0.468719,
2026-08-22T18:41:19.105,4.1,TC02-batch-20260822T180830-a18476,TC06-20260822T183908529355-6de730,TC06,cloud_restoration_scoped_edge_to_cloud_sync,183908,v41-TC02-5-20-0b795201,edge_to_cloud,True,201,0.364702,
2026-08-22T18:41:19.106,4.1,TC02-batch-20260822T180830-a18476,TC06-20260822T183908529355-6de730,TC06,cloud_restoration_scoped_edge_to_cloud_sync,183908,v41-TC02-5-21-74c0fae1,edge_to_cloud,True,201,0.355151,
2026-08-22T18:41:19.106,4.1,TC02-batch-20260822T180830-a18476,TC06-20260822T183908529355-6de730,TC06,cloud_restoration_scoped_edge_to_cloud_sync,183908,v41-TC02-5-22-f8657c94,edge_to_cloud,True,201,0.491109,
2026-08-22T18:41:19.107,4.1,TC02-batch-20260822T180830-a18476,TC06-20260822T183908529355-6de730,TC06,cloud_restoration_scoped_edge_to_cloud_sync,183908,v41-TC02-5-23-0416c9f9,edge_to_cloud,True,201,0.353013,
2026-08-22T18:41:19.108,4.1,TC02-batch-20260822T180830-a18476,TC06-20260822T183908529355-6de730,TC06,cloud_restoration_scoped_edge_to_cloud_sync,183908,v41-TC02-5-24-f627dd07,edge_to_cloud,True,201,0.346126,
2026-08-22T18:41:19.109,4.1,TC02-batch-20260822T180830-a18476,TC06-20260822T183908529355-6de730,TC06,cloud_restoration_scoped_edge_to_cloud_sync,183908,v41-TC02-5-25-c49c8695,edge_to_cloud,True,201,0.486456,
2026-08-22T18:41:19.110,4.1,TC02-batch-20260822T180830-a18476,TC06-20260822T183908529355-6de730,TC06,cloud_restoration_scoped_edge_to_cloud_sync,183908,v41-TC02-5-26-0b63fd7c,edge_to_cloud,True,201,0.378644,
2026-08-22T18:41:19.110,4.1,TC02-batch-20260822T180830-a18476,TC06-20260822T183908529355-6de730,TC06,cloud_restoration_scoped_edge_to_cloud_sync,183908,v41-TC02-5-27-59b12eff,edge_to_cloud,True,201,0.482764,
2026-08-22T18:41:19.111,4.1,TC02-batch-20260822T180830-a18476,TC06-20260822T183908529355-6de730,TC06,cloud_restoration_scoped_edge_to_cloud_sync,183908,v41-TC02-5-28-449ccdb6,edge_to_cloud,True,201,0.34532,
2026-08-22T18:41:19.112,4.1,TC02-batch-20260822T180830-a18476,TC06-20260822T183908529355-6de730,TC06,cloud_restoration_scoped_edge_to_cloud_sync,183908,v41-TC02-5-29-6c8f81f5,edge_to_cloud,True,201,0.357197,
2026-08-22T18:41:19.114,4.1,TC02-batch-20260822T180830-a18476,TC06-20260822T183908529355-6de730,TC06,cloud_restoration_scoped_edge_to_cloud_sync,183908,v41-TC02-5-30-dfdfc5e7,edge_to_cloud,True,201,0.42653,
2026-08-22T18:41:19.115,4.1,TC02-batch-20260822T180830-a18476,TC06-20260822T183908529355-6de730,TC06,cloud_restoration_scoped_edge_to_cloud_sync,183908,v41-TC02-6-1-1f959a7d,edge_to_cloud,True,201,0.332455,
2026-08-22T18:41:19.116,4.1,TC02-batch-20260822T180830-a18476,TC06-20260822T183908529355-6de730,TC06,cloud_restoration_scoped_edge_to_cloud_sync,183908,v41-TC02-6-2-04438dbf,edge_to_cloud,True,201,0.327512,
2026-08-22T18:41:19.116,4.1,TC02-batch-20260822T180830-a18476,TC06-20260822T183908529355-6de730,TC06,cloud_restoration_scoped_edge_to_cloud_sync,183908,v41-TC02-6-3-dcdc83c5,edge_to_cloud,True,201,0.438813,
2026-08-22T18:41:19.117,4.1,TC02-batch-20260822T180830-a18476,TC06-20260822T183908529355-6de730,TC06,cloud_restoration_scoped_edge_to_cloud_sync,183908,v41-TC02-6-4-6e2adcc2,edge_to_cloud,True,201,0.34416,
2026-08-22T18:41:19.119,4.1,TC02-batch-20260822T180830-a18476,TC06-20260822T183908529355-6de730,TC06,cloud_restoration_scoped_edge_to_cloud_sync,183908,v41-TC02-6-5-708d9081,edge_to_cloud,True,201,0.34292,
2026-08-22T18:41:19.120,4.1,TC02-batch-20260822T180830-a18476,TC06-20260822T183908529355-6de730,TC06,cloud_restoration_scoped_edge_to_cloud_sync,183908,v41-TC02-6-6-847025d1,edge_to_cloud,True,201,0.432621,
2026-08-22T18:41:19.121,4.1,TC02-batch-20260822T180830-a18476,TC06-20260822T183908529355-6de730,TC06,cloud_restoration_scoped_edge_to_cloud_sync,183908,v41-TC02-6-7-384c6785,edge_to_cloud,True,201,0.302684,
2026-08-22T18:41:19.121,4.1,TC02-batch-20260822T180830-a18476,TC06-20260822T183908529355-6de730,TC06,cloud_restoration_scoped_edge_to_cloud_sync,183908,v41-TC02-6-8-5c4b394e,edge_to_cloud,True,201,0.319715,
2026-08-22T18:41:19.122,4.1,TC02-batch-20260822T180830-a18476,TC06-20260822T183908529355-6de730,TC06,cloud_restoration_scoped_edge_to_cloud_sync,183908,v41-TC02-6-9-e0b67cc5,edge_to_cloud,True,201,0.444478,
2026-08-22T18:41:19.123,4.1,TC02-batch-20260822T180830-a18476,TC06-20260822T183908529355-6de730,TC06,cloud_restoration_scoped_edge_to_cloud_sync,183908,v41-TC02-6-10-15addf24,edge_to_cloud,True,201,0.366496,
2026-08-22T18:41:19.124,4.1,TC02-batch-20260822T180830-a18476,TC06-20260822T183908529355-6de730,TC06,cloud_restoration_scoped_edge_to_cloud_sync,183908,v41-TC02-6-11-6b1af5f7,edge_to_cloud,True,201,0.368422,
2026-08-22T18:41:19.124,4.1,TC02-batch-20260822T180830-a18476,TC06-20260822T183908529355-6de730,TC06,cloud_restoration_scoped_edge_to_cloud_sync,183908,v41-TC02-6-12-2e24805b,edge_to_cloud,True,201,0.475843,
2026-08-22T18:41:19.125,4.1,TC02-batch-20260822T180830-a18476,TC06-20260822T183908529355-6de730,TC06,cloud_restoration_scoped_edge_to_cloud_sync,183908,v41-TC02-6-13-6f7d2752,edge_to_cloud,True,201,0.58871,
2026-08-22T18:41:19.126,4.1,TC02-batch-20260822T180830-a18476,TC06-20260822T183908529355-6de730,TC06,cloud_restoration_scoped_edge_to_cloud_sync,183908,v41-TC02-6-14-7d9af342,edge_to_cloud,True,201,0.565231,
2026-08-22T18:41:19.127,4.1,TC02-batch-20260822T180830-a18476,TC06-20260822T183908529355-6de730,TC06,cloud_restoration_scoped_edge_to_cloud_sync,183908,v41-TC02-6-15-947484a6,edge_to_cloud,True,201,0.577821,
2026-08-22T18:41:19.127,4.1,TC02-batch-20260822T180830-a18476,TC06-20260822T183908529355-6de730,TC06,cloud_restoration_scoped_edge_to_cloud_sync,183908,v41-TC02-6-16-2fd08f27,edge_to_cloud,True,201,0.557184,
2026-08-22T18:41:19.128,4.1,TC02-batch-20260822T180830-a18476,TC06-20260822T183908529355-6de730,TC06,cloud_restoration_scoped_edge_to_cloud_sync,183908,v41-TC02-6-17-db868a09,edge_to_cloud,True,201,0.454054,
2026-08-22T18:41:19.129,4.1,TC02-batch-20260822T180830-a18476,TC06-20260822T183908529355-6de730,TC06,cloud_restoration_scoped_edge_to_cloud_sync,183908,v41-TC02-6-18-96045c09,edge_to_cloud,True,201,0.501377,
2026-08-22T18:41:19.130,4.1,TC02-batch-20260822T180830-a18476,TC06-20260822T183908529355-6de730,TC06,cloud_restoration_scoped_edge_to_cloud_sync,183908,v41-TC02-6-19-571d7fbc,edge_to_cloud,True,201,0.608044,
2026-08-22T18:41:19.131,4.1,TC02-batch-20260822T180830-a18476,TC06-20260822T183908529355-6de730,TC06,cloud_restoration_scoped_edge_to_cloud_sync,183908,v41-TC02-6-20-de15cccd,edge_to_cloud,True,201,0.527136,
2026-08-22T18:41:19.132,4.1,TC02-batch-20260822T180830-a18476,TC06-20260822T183908529355-6de730,TC06,cloud_restoration_scoped_edge_to_cloud_sync,183908,v41-TC02-6-21-786e1043,edge_to_cloud,True,201,0.552262,
2026-08-22T18:41:19.133,4.1,TC02-batch-20260822T180830-a18476,TC06-20260822T183908529355-6de730,TC06,cloud_restoration_scoped_edge_to_cloud_sync,183908,v41-TC02-6-22-0a5c3bfd,edge_to_cloud,True,201,0.525383,
2026-08-22T18:41:19.133,4.1,TC02-batch-20260822T180830-a18476,TC06-20260822T183908529355-6de730,TC06,cloud_restoration_scoped_edge_to_cloud_sync,183908,v41-TC02-6-23-48a35c5a,edge_to_cloud,True,201,0.566628,
2026-08-22T18:41:19.134,4.1,TC02-batch-20260822T180830-a18476,TC06-20260822T183908529355-6de730,TC06,cloud_restoration_scoped_edge_to_cloud_sync,183908,v41-TC02-6-24-166744ee,edge_to_cloud,True,201,0.588562,
2026-08-22T18:41:19.135,4.1,TC02-batch-20260822T180830-a18476,TC06-20260822T183908529355-6de730,TC06,cloud_restoration_scoped_edge_to_cloud_sync,183908,v41-TC02-6-25-e3a838a5,edge_to_cloud,True,201,0.566713,
2026-08-22T18:41:19.136,4.1,TC02-batch-20260822T180830-a18476,TC06-20260822T183908529355-6de730,TC06,cloud_restoration_scoped_edge_to_cloud_sync,183908,v41-TC02-6-26-79cd7c13,edge_to_cloud,True,201,0.367975,
2026-08-22T18:41:19.136,4.1,TC02-batch-20260822T180830-a18476,TC06-20260822T183908529355-6de730,TC06,cloud_restoration_scoped_edge_to_cloud_sync,183908,v41-TC02-6-27-b012a060,edge_to_cloud,True,201,0.309675,
2026-08-22T18:41:19.137,4.1,TC02-batch-20260822T180830-a18476,TC06-20260822T183908529355-6de730,TC06,cloud_restoration_scoped_edge_to_cloud_sync,183908,v41-TC02-6-28-d0a46f05,edge_to_cloud,True,201,0.398527,
2026-08-22T18:41:19.138,4.1,TC02-batch-20260822T180830-a18476,TC06-20260822T183908529355-6de730,TC06,cloud_restoration_scoped_edge_to_cloud_sync,183908,v41-TC02-6-29-c7b88871,edge_to_cloud,True,201,0.517878,
2026-08-22T18:41:19.139,4.1,TC02-batch-20260822T180830-a18476,TC06-20260822T183908529355-6de730,TC06,cloud_restoration_scoped_edge_to_cloud_sync,183908,v41-TC02-6-30-062239dc,edge_to_cloud,True,201,0.533633,
2026-08-22T18:41:19.139,4.1,TC02-batch-20260822T180830-a18476,TC06-20260822T183908529355-6de730,TC06,cloud_restoration_scoped_edge_to_cloud_sync,183908,v41-TC02-7-1-801e0d7d,edge_to_cloud,True,201,0.39343,
2026-08-22T18:41:19.140,4.1,TC02-batch-20260822T180830-a18476,TC06-20260822T183908529355-6de730,TC06,cloud_restoration_scoped_edge_to_cloud_sync,183908,v41-TC02-7-2-d6e9e508,edge_to_cloud,True,201,0.552018,
2026-08-22T18:41:19.141,4.1,TC02-batch-20260822T180830-a18476,TC06-20260822T183908529355-6de730,TC06,cloud_restoration_scoped_edge_to_cloud_sync,183908,v41-TC02-7-3-f6fa4e4a,edge_to_cloud,True,201,0.608381,
2026-08-22T18:41:19.141,4.1,TC02-batch-20260822T180830-a18476,TC06-20260822T183908529355-6de730,TC06,cloud_restoration_scoped_edge_to_cloud_sync,183908,v41-TC02-7-4-38736bf6,edge_to_cloud,True,201,0.601122,
2026-08-22T18:41:19.142,4.1,TC02-batch-20260822T180830-a18476,TC06-20260822T183908529355-6de730,TC06,cloud_restoration_scoped_edge_to_cloud_sync,183908,v41-TC02-7-5-0d5694ee,edge_to_cloud,True,201,0.552388,
2026-08-22T18:41:19.143,4.1,TC02-batch-20260822T180830-a18476,TC06-20260822T183908529355-6de730,TC06,cloud_restoration_scoped_edge_to_cloud_sync,183908,v41-TC02-7-6-acaf34ed,edge_to_cloud,True,201,0.542899,
2026-08-22T18:41:19.144,4.1,TC02-batch-20260822T180830-a18476,TC06-20260822T183908529355-6de730,TC06,cloud_restoration_scoped_edge_to_cloud_sync,183908,v41-TC02-7-7-ca48f460,edge_to_cloud,True,201,0.477883,
2026-08-22T18:41:19.144,4.1,TC02-batch-20260822T180830-a18476,TC06-20260822T183908529355-6de730,TC06,cloud_restoration_scoped_edge_to_cloud_sync,183908,v41-TC02-7-8-2b592704,edge_to_cloud,True,201,0.370793,
2026-08-22T18:41:19.145,4.1,TC02-batch-20260822T180830-a18476,TC06-20260822T183908529355-6de730,TC06,cloud_restoration_scoped_edge_to_cloud_sync,183908,v41-TC02-7-9-6cf713de,edge_to_cloud,True,201,0.406149,
2026-08-22T18:41:19.146,4.1,TC02-batch-20260822T180830-a18476,TC06-20260822T183908529355-6de730,TC06,cloud_restoration_scoped_edge_to_cloud_sync,183908,v41-TC02-7-10-c669af8b,edge_to_cloud,True,201,0.390564,
2026-08-22T18:41:19.147,4.1,TC02-batch-20260822T180830-a18476,TC06-20260822T183908529355-6de730,TC06,cloud_restoration_scoped_edge_to_cloud_sync,183908,v41-TC02-7-11-9a15c2f1,edge_to_cloud,True,201,0.361184,
2026-08-22T18:41:19.148,4.1,TC02-batch-20260822T180830-a18476,TC06-20260822T183908529355-6de730,TC06,cloud_restoration_scoped_edge_to_cloud_sync,183908,v41-TC02-7-12-1546ad40,edge_to_cloud,True,201,0.466758,
2026-08-22T18:41:19.149,4.1,TC02-batch-20260822T180830-a18476,TC06-20260822T183908529355-6de730,TC06,cloud_restoration_scoped_edge_to_cloud_sync,183908,v41-TC02-7-13-e967fc6a,edge_to_cloud,True,201,0.343855,
2026-08-22T18:41:19.150,4.1,TC02-batch-20260822T180830-a18476,TC06-20260822T183908529355-6de730,TC06,cloud_restoration_scoped_edge_to_cloud_sync,183908,v41-TC02-7-14-b5ed505e,edge_to_cloud,True,201,0.591442,
2026-08-22T18:41:19.150,4.1,TC02-batch-20260822T180830-a18476,TC06-20260822T183908529355-6de730,TC06,cloud_restoration_scoped_edge_to_cloud_sync,183908,v41-TC02-7-15-fdb59bfd,edge_to_cloud,True,201,0.359859,
2026-08-22T18:41:19.151,4.1,TC02-batch-20260822T180830-a18476,TC06-20260822T183908529355-6de730,TC06,cloud_restoration_scoped_edge_to_cloud_sync,183908,v41-TC02-7-16-23a4980b,edge_to_cloud,True,201,0.403174,
2026-08-22T18:41:19.152,4.1,TC02-batch-20260822T180830-a18476,TC06-20260822T183908529355-6de730,TC06,cloud_restoration_scoped_edge_to_cloud_sync,183908,v41-TC02-7-17-44972995,edge_to_cloud,True,201,0.45043,
2026-08-22T18:41:19.153,4.1,TC02-batch-20260822T180830-a18476,TC06-20260822T183908529355-6de730,TC06,cloud_restoration_scoped_edge_to_cloud_sync,183908,v41-TC02-7-18-11969e01,edge_to_cloud,True,201,0.356243,
2026-08-22T18:41:19.154,4.1,TC02-batch-20260822T180830-a18476,TC06-20260822T183908529355-6de730,TC06,cloud_restoration_scoped_edge_to_cloud_sync,183908,v41-TC02-7-19-c90e223a,edge_to_cloud,True,201,0.366304,
2026-08-22T18:41:19.155,4.1,TC02-batch-20260822T180830-a18476,TC06-20260822T183908529355-6de730,TC06,cloud_restoration_scoped_edge_to_cloud_sync,183908,v41-TC02-7-20-99bed5bb,edge_to_cloud,True,201,0.540243,
2026-08-22T18:41:19.155,4.1,TC02-batch-20260822T180830-a18476,TC06-20260822T183908529355-6de730,TC06,cloud_restoration_scoped_edge_to_cloud_sync,183908,v41-TC02-7-21-7e5dc8c2,edge_to_cloud,True,201,0.436791,
2026-08-22T18:41:19.156,4.1,TC02-batch-20260822T180830-a18476,TC06-20260822T183908529355-6de730,TC06,cloud_restoration_scoped_edge_to_cloud_sync,183908,v41-TC02-7-22-2c7c8ac0,edge_to_cloud,True,201,0.522171,
2026-08-22T18:41:19.157,4.1,TC02-batch-20260822T180830-a18476,TC06-20260822T183908529355-6de730,TC06,cloud_restoration_scoped_edge_to_cloud_sync,183908,v41-TC02-7-23-91379055,edge_to_cloud,True,201,0.560962,
2026-08-22T18:41:19.157,4.1,TC02-batch-20260822T180830-a18476,TC06-20260822T183908529355-6de730,TC06,cloud_restoration_scoped_edge_to_cloud_sync,183908,v41-TC02-7-24-73a892f3,edge_to_cloud,True,201,0.593357,
2026-08-22T18:41:19.158,4.1,TC02-batch-20260822T180830-a18476,TC06-20260822T183908529355-6de730,TC06,cloud_restoration_scoped_edge_to_cloud_sync,183908,v41-TC02-7-25-5adc0b6d,edge_to_cloud,True,201,0.555435,
2026-08-22T18:41:19.159,4.1,TC02-batch-20260822T180830-a18476,TC06-20260822T183908529355-6de730,TC06,cloud_restoration_scoped_edge_to_cloud_sync,183908,v41-TC02-7-26-5ff0c8b0,edge_to_cloud,True,201,0.630438,
2026-08-22T18:41:19.160,4.1,TC02-batch-20260822T180830-a18476,TC06-20260822T183908529355-6de730,TC06,cloud_restoration_scoped_edge_to_cloud_sync,183908,v41-TC02-7-27-27b376aa,edge_to_cloud,True,201,0.380937,
2026-08-22T18:41:19.160,4.1,TC02-batch-20260822T180830-a18476,TC06-20260822T183908529355-6de730,TC06,cloud_restoration_scoped_edge_to_cloud_sync,183908,v41-TC02-7-28-74c91ee0,edge_to_cloud,True,201,0.356049,
2026-08-22T18:41:19.162,4.1,TC02-batch-20260822T180830-a18476,TC06-20260822T183908529355-6de730,TC06,cloud_restoration_scoped_edge_to_cloud_sync,183908,v41-TC02-7-29-06842170,edge_to_cloud,True,201,0.35496,
2026-08-22T18:41:19.165,4.1,TC02-batch-20260822T180830-a18476,TC06-20260822T183908529355-6de730,TC06,cloud_restoration_scoped_edge_to_cloud_sync,183908,v41-TC02-7-30-8968a25e,edge_to_cloud,True,201,0.469906,
2026-08-22T18:41:19.166,4.1,TC02-batch-20260822T180830-a18476,TC06-20260822T183908529355-6de730,TC06,cloud_restoration_scoped_edge_to_cloud_sync,183908,v41-TC02-8-1-04b20d22,edge_to_cloud,True,201,0.375283,
2026-08-22T18:41:19.167,4.1,TC02-batch-20260822T180830-a18476,TC06-20260822T183908529355-6de730,TC06,cloud_restoration_scoped_edge_to_cloud_sync,183908,v41-TC02-8-2-d2c602f8,edge_to_cloud,True,201,0.33434,
2026-08-22T18:41:19.167,4.1,TC02-batch-20260822T180830-a18476,TC06-20260822T183908529355-6de730,TC06,cloud_restoration_scoped_edge_to_cloud_sync,183908,v41-TC02-8-3-f44e96aa,edge_to_cloud,True,201,0.452723,
2026-08-22T18:41:19.168,4.1,TC02-batch-20260822T180830-a18476,TC06-20260822T183908529355-6de730,TC06,cloud_restoration_scoped_edge_to_cloud_sync,183908,v41-TC02-8-4-164c8cdd,edge_to_cloud,True,201,0.343971,
2026-08-22T18:41:19.169,4.1,TC02-batch-20260822T180830-a18476,TC06-20260822T183908529355-6de730,TC06,cloud_restoration_scoped_edge_to_cloud_sync,183908,v41-TC02-8-5-8cb46c1c,edge_to_cloud,True,201,0.451912,
2026-08-22T18:41:19.170,4.1,TC02-batch-20260822T180830-a18476,TC06-20260822T183908529355-6de730,TC06,cloud_restoration_scoped_edge_to_cloud_sync,183908,v41-TC02-8-6-d6b7ef60,edge_to_cloud,True,201,0.304941,
2026-08-22T18:41:19.170,4.1,TC02-batch-20260822T180830-a18476,TC06-20260822T183908529355-6de730,TC06,cloud_restoration_scoped_edge_to_cloud_sync,183908,v41-TC02-8-7-ae27b74d,edge_to_cloud,True,201,0.331255,
2026-08-22T18:41:19.171,4.1,TC02-batch-20260822T180830-a18476,TC06-20260822T183908529355-6de730,TC06,cloud_restoration_scoped_edge_to_cloud_sync,183908,v41-TC02-8-8-8c83660d,edge_to_cloud,True,201,0.311185,
2026-08-22T18:41:19.172,4.1,TC02-batch-20260822T180830-a18476,TC06-20260822T183908529355-6de730,TC06,cloud_restoration_scoped_edge_to_cloud_sync,183908,v41-TC02-8-9-13cdc8d0,edge_to_cloud,True,201,0.522083,
2026-08-22T18:41:19.173,4.1,TC02-batch-20260822T180830-a18476,TC06-20260822T183908529355-6de730,TC06,cloud_restoration_scoped_edge_to_cloud_sync,183908,v41-TC02-8-10-9897cb8f,edge_to_cloud,True,201,0.333439,
2026-08-22T18:41:19.174,4.1,TC02-batch-20260822T180830-a18476,TC06-20260822T183908529355-6de730,TC06,cloud_restoration_scoped_edge_to_cloud_sync,183908,v41-TC02-8-11-735038c5,edge_to_cloud,True,201,0.447214,
2026-08-22T18:41:19.174,4.1,TC02-batch-20260822T180830-a18476,TC06-20260822T183908529355-6de730,TC06,cloud_restoration_scoped_edge_to_cloud_sync,183908,v41-TC02-8-12-2a1699ab,edge_to_cloud,True,201,0.363482,
2026-08-22T18:41:19.175,4.1,TC02-batch-20260822T180830-a18476,TC06-20260822T183908529355-6de730,TC06,cloud_restoration_scoped_edge_to_cloud_sync,183908,v41-TC02-8-13-ccddf349,edge_to_cloud,True,201,0.32185,
2026-08-22T18:41:19.176,4.1,TC02-batch-20260822T180830-a18476,TC06-20260822T183908529355-6de730,TC06,cloud_restoration_scoped_edge_to_cloud_sync,183908,v41-TC02-8-14-c50417a6,edge_to_cloud,True,201,0.466113,
2026-08-22T18:41:19.177,4.1,TC02-batch-20260822T180830-a18476,TC06-20260822T183908529355-6de730,TC06,cloud_restoration_scoped_edge_to_cloud_sync,183908,v41-TC02-8-15-cc8aa17a,edge_to_cloud,True,201,0.366353,
2026-08-22T18:41:19.177,4.1,TC02-batch-20260822T180830-a18476,TC06-20260822T183908529355-6de730,TC06,cloud_restoration_scoped_edge_to_cloud_sync,183908,v41-TC02-8-16-812697c2,edge_to_cloud,True,201,0.333956,
2026-08-22T18:41:19.178,4.1,TC02-batch-20260822T180830-a18476,TC06-20260822T183908529355-6de730,TC06,cloud_restoration_scoped_edge_to_cloud_sync,183908,v41-TC02-8-17-af0c710c,edge_to_cloud,True,201,0.455151,
2026-08-22T18:41:19.179,4.1,TC02-batch-20260822T180830-a18476,TC06-20260822T183908529355-6de730,TC06,cloud_restoration_scoped_edge_to_cloud_sync,183908,v41-TC02-8-18-21dc031f,edge_to_cloud,True,201,0.354875,
2026-08-22T18:41:19.180,4.1,TC02-batch-20260822T180830-a18476,TC06-20260822T183908529355-6de730,TC06,cloud_restoration_scoped_edge_to_cloud_sync,183908,v41-TC02-8-19-ceba5d16,edge_to_cloud,True,201,0.337583,
2026-08-22T18:41:19.181,4.1,TC02-batch-20260822T180830-a18476,TC06-20260822T183908529355-6de730,TC06,cloud_restoration_scoped_edge_to_cloud_sync,183908,v41-TC02-8-20-f04d9c43,edge_to_cloud,True,201,0.462823,
2026-08-22T18:41:19.182,4.1,TC02-batch-20260822T180830-a18476,TC06-20260822T183908529355-6de730,TC06,cloud_restoration_scoped_edge_to_cloud_sync,183908,v41-TC02-8-21-3fc61428,edge_to_cloud,True,201,0.465903,
2026-08-22T18:41:19.183,4.1,TC02-batch-20260822T180830-a18476,TC06-20260822T183908529355-6de730,TC06,cloud_restoration_scoped_edge_to_cloud_sync,183908,v41-TC02-8-22-507cc6c5,edge_to_cloud,True,201,0.621655,
2026-08-22T18:41:19.184,4.1,TC02-batch-20260822T180830-a18476,TC06-20260822T183908529355-6de730,TC06,cloud_restoration_scoped_edge_to_cloud_sync,183908,v41-TC02-8-23-52ef8677,edge_to_cloud,True,201,0.499638,
2026-08-22T18:41:19.184,4.1,TC02-batch-20260822T180830-a18476,TC06-20260822T183908529355-6de730,TC06,cloud_restoration_scoped_edge_to_cloud_sync,183908,v41-TC02-8-24-c6e58ec4,edge_to_cloud,True,201,0.566256,
2026-08-22T18:41:19.185,4.1,TC02-batch-20260822T180830-a18476,TC06-20260822T183908529355-6de730,TC06,cloud_restoration_scoped_edge_to_cloud_sync,183908,v41-TC02-8-25-806c1f65,edge_to_cloud,True,201,0.534277,
2026-08-22T18:41:19.186,4.1,TC02-batch-20260822T180830-a18476,TC06-20260822T183908529355-6de730,TC06,cloud_restoration_scoped_edge_to_cloud_sync,183908,v41-TC02-8-26-7d08bacd,edge_to_cloud,True,201,0.450136,
2026-08-22T18:41:19.187,4.1,TC02-batch-20260822T180830-a18476,TC06-20260822T183908529355-6de730,TC06,cloud_restoration_scoped_edge_to_cloud_sync,183908,v41-TC02-8-27-37ab63c9,edge_to_cloud,True,201,0.496574,
2026-08-22T18:41:19.187,4.1,TC02-batch-20260822T180830-a18476,TC06-20260822T183908529355-6de730,TC06,cloud_restoration_scoped_edge_to_cloud_sync,183908,v41-TC02-8-28-f7713fe1,edge_to_cloud,True,201,0.473738,
2026-08-22T18:41:19.188,4.1,TC02-batch-20260822T180830-a18476,TC06-20260822T183908529355-6de730,TC06,cloud_restoration_scoped_edge_to_cloud_sync,183908,v41-TC02-8-29-46d3b264,edge_to_cloud,True,201,0.5118,
2026-08-22T18:41:19.189,4.1,TC02-batch-20260822T180830-a18476,TC06-20260822T183908529355-6de730,TC06,cloud_restoration_scoped_edge_to_cloud_sync,183908,v41-TC02-8-30-52977fff,edge_to_cloud,True,201,0.529119,
2026-08-22T18:41:19.190,4.1,TC02-batch-20260822T180830-a18476,TC06-20260822T183908529355-6de730,TC06,cloud_restoration_scoped_edge_to_cloud_sync,183908,v41-TC02-9-1-f3cf744a,edge_to_cloud,True,201,0.438154,
2026-08-22T18:41:19.190,4.1,TC02-batch-20260822T180830-a18476,TC06-20260822T183908529355-6de730,TC06,cloud_restoration_scoped_edge_to_cloud_sync,183908,v41-TC02-9-2-28417610,edge_to_cloud,True,201,0.628815,
2026-08-22T18:41:19.191,4.1,TC02-batch-20260822T180830-a18476,TC06-20260822T183908529355-6de730,TC06,cloud_restoration_scoped_edge_to_cloud_sync,183908,v41-TC02-9-3-7937c9bc,edge_to_cloud,True,201,0.511416,
2026-08-22T18:41:19.192,4.1,TC02-batch-20260822T180830-a18476,TC06-20260822T183908529355-6de730,TC06,cloud_restoration_scoped_edge_to_cloud_sync,183908,v41-TC02-9-4-c6f128d0,edge_to_cloud,True,201,0.3708,
2026-08-22T18:41:19.193,4.1,TC02-batch-20260822T180830-a18476,TC06-20260822T183908529355-6de730,TC06,cloud_restoration_scoped_edge_to_cloud_sync,183908,v41-TC02-9-5-790bfb75,edge_to_cloud,True,201,0.326201,
2026-08-22T18:41:19.193,4.1,TC02-batch-20260822T180830-a18476,TC06-20260822T183908529355-6de730,TC06,cloud_restoration_scoped_edge_to_cloud_sync,183908,v41-TC02-9-6-9069e002,edge_to_cloud,True,201,0.365861,
2026-08-22T18:41:19.194,4.1,TC02-batch-20260822T180830-a18476,TC06-20260822T183908529355-6de730,TC06,cloud_restoration_scoped_edge_to_cloud_sync,183908,v41-TC02-9-7-09d56976,edge_to_cloud,True,201,0.433313,
2026-08-22T18:41:19.195,4.1,TC02-batch-20260822T180830-a18476,TC06-20260822T183908529355-6de730,TC06,cloud_restoration_scoped_edge_to_cloud_sync,183908,v41-TC02-9-8-0bd88a0a,edge_to_cloud,True,201,0.34484,
2026-08-22T18:41:19.196,4.1,TC02-batch-20260822T180830-a18476,TC06-20260822T183908529355-6de730,TC06,cloud_restoration_scoped_edge_to_cloud_sync,183908,v41-TC02-9-9-5585714f,edge_to_cloud,True,201,0.322037,
2026-08-22T18:41:19.197,4.1,TC02-batch-20260822T180830-a18476,TC06-20260822T183908529355-6de730,TC06,cloud_restoration_scoped_edge_to_cloud_sync,183908,v41-TC02-9-10-0835a372,edge_to_cloud,True,201,0.477176,
2026-08-22T18:41:19.198,4.1,TC02-batch-20260822T180830-a18476,TC06-20260822T183908529355-6de730,TC06,cloud_restoration_scoped_edge_to_cloud_sync,183908,v41-TC02-9-11-4a4d13d1,edge_to_cloud,True,201,0.333882,
2026-08-22T18:41:19.199,4.1,TC02-batch-20260822T180830-a18476,TC06-20260822T183908529355-6de730,TC06,cloud_restoration_scoped_edge_to_cloud_sync,183908,v41-TC02-9-12-1d934b50,edge_to_cloud,True,201,0.429828,
2026-08-22T18:41:19.200,4.1,TC02-batch-20260822T180830-a18476,TC06-20260822T183908529355-6de730,TC06,cloud_restoration_scoped_edge_to_cloud_sync,183908,v41-TC02-9-13-d5c3f9ae,edge_to_cloud,True,201,0.324987,
2026-08-22T18:41:19.200,4.1,TC02-batch-20260822T180830-a18476,TC06-20260822T183908529355-6de730,TC06,cloud_restoration_scoped_edge_to_cloud_sync,183908,v41-TC02-9-14-a62d1368,edge_to_cloud,True,201,0.33279,
2026-08-22T18:41:19.201,4.1,TC02-batch-20260822T180830-a18476,TC06-20260822T183908529355-6de730,TC06,cloud_restoration_scoped_edge_to_cloud_sync,183908,v41-TC02-9-15-3072d153,edge_to_cloud,True,201,0.462231,
2026-08-22T18:41:19.202,4.1,TC02-batch-20260822T180830-a18476,TC06-20260822T183908529355-6de730,TC06,cloud_restoration_scoped_edge_to_cloud_sync,183908,v41-TC02-9-16-43417ba8,edge_to_cloud,True,201,0.357086,
2026-08-22T18:41:19.203,4.1,TC02-batch-20260822T180830-a18476,TC06-20260822T183908529355-6de730,TC06,cloud_restoration_scoped_edge_to_cloud_sync,183908,v41-TC02-9-17-7477be6c,edge_to_cloud,True,201,0.339796,
2026-08-22T18:41:19.204,4.1,TC02-batch-20260822T180830-a18476,TC06-20260822T183908529355-6de730,TC06,cloud_restoration_scoped_edge_to_cloud_sync,183908,v41-TC02-9-18-2514d011,edge_to_cloud,True,201,0.45964,
2026-08-22T18:41:19.206,4.1,TC02-batch-20260822T180830-a18476,TC06-20260822T183908529355-6de730,TC06,cloud_restoration_scoped_edge_to_cloud_sync,183908,v41-TC02-9-19-226e9745,edge_to_cloud,True,201,0.424946,
2026-08-22T18:41:19.207,4.1,TC02-batch-20260822T180830-a18476,TC06-20260822T183908529355-6de730,TC06,cloud_restoration_scoped_edge_to_cloud_sync,183908,v41-TC02-9-20-69862bcb,edge_to_cloud,True,201,0.377327,
2026-08-22T18:41:19.208,4.1,TC02-batch-20260822T180830-a18476,TC06-20260822T183908529355-6de730,TC06,cloud_restoration_scoped_edge_to_cloud_sync,183908,v41-TC02-9-21-2f797ab6,edge_to_cloud,True,201,0.432643,
2026-08-22T18:41:19.209,4.1,TC02-batch-20260822T180830-a18476,TC06-20260822T183908529355-6de730,TC06,cloud_restoration_scoped_edge_to_cloud_sync,183908,v41-TC02-9-22-a0d283be,edge_to_cloud,True,201,0.355333,
2026-08-22T18:41:19.210,4.1,TC02-batch-20260822T180830-a18476,TC06-20260822T183908529355-6de730,TC06,cloud_restoration_scoped_edge_to_cloud_sync,183908,v41-TC02-9-23-cf167d46,edge_to_cloud,True,201,0.34546,
2026-08-22T18:41:19.211,4.1,TC02-batch-20260822T180830-a18476,TC06-20260822T183908529355-6de730,TC06,cloud_restoration_scoped_edge_to_cloud_sync,183908,v41-TC02-9-24-906bdc96,edge_to_cloud,True,201,0.421431,
2026-08-22T18:41:19.211,4.1,TC02-batch-20260822T180830-a18476,TC06-20260822T183908529355-6de730,TC06,cloud_restoration_scoped_edge_to_cloud_sync,183908,v41-TC02-9-25-a0830409,edge_to_cloud,True,201,0.379954,
2026-08-22T18:41:19.213,4.1,TC02-batch-20260822T180830-a18476,TC06-20260822T183908529355-6de730,TC06,cloud_restoration_scoped_edge_to_cloud_sync,183908,v41-TC02-9-26-a37baa33,edge_to_cloud,True,201,0.341838,
2026-08-22T18:41:19.214,4.1,TC02-batch-20260822T180830-a18476,TC06-20260822T183908529355-6de730,TC06,cloud_restoration_scoped_edge_to_cloud_sync,183908,v41-TC02-9-27-16b2d8b6,edge_to_cloud,True,201,0.390545,
2026-08-22T18:41:19.215,4.1,TC02-batch-20260822T180830-a18476,TC06-20260822T183908529355-6de730,TC06,cloud_restoration_scoped_edge_to_cloud_sync,183908,v41-TC02-9-28-a1dc8bb4,edge_to_cloud,True,201,0.356347,
2026-08-22T18:41:19.216,4.1,TC02-batch-20260822T180830-a18476,TC06-20260822T183908529355-6de730,TC06,cloud_restoration_scoped_edge_to_cloud_sync,183908,v41-TC02-9-29-7d3421ba,edge_to_cloud,True,201,0.459569,
2026-08-22T18:41:19.217,4.1,TC02-batch-20260822T180830-a18476,TC06-20260822T183908529355-6de730,TC06,cloud_restoration_scoped_edge_to_cloud_sync,183908,v41-TC02-9-30-48e4d6e7,edge_to_cloud,True,201,0.419928,
2026-08-22T18:41:19.217,4.1,TC02-batch-20260822T180830-a18476,TC06-20260822T183908529355-6de730,TC06,cloud_restoration_scoped_edge_to_cloud_sync,183908,v41-TC02-10-1-80820833,edge_to_cloud,True,201,0.579273,
2026-08-22T18:41:19.218,4.1,TC02-batch-20260822T180830-a18476,TC06-20260822T183908529355-6de730,TC06,cloud_restoration_scoped_edge_to_cloud_sync,183908,v41-TC02-10-2-c863cfde,edge_to_cloud,True,201,0.577463,
2026-08-22T18:41:19.219,4.1,TC02-batch-20260822T180830-a18476,TC06-20260822T183908529355-6de730,TC06,cloud_restoration_scoped_edge_to_cloud_sync,183908,v41-TC02-10-3-dc01bbba,edge_to_cloud,True,201,0.649952,
2026-08-22T18:41:19.220,4.1,TC02-batch-20260822T180830-a18476,TC06-20260822T183908529355-6de730,TC06,cloud_restoration_scoped_edge_to_cloud_sync,183908,v41-TC02-10-4-21baaa5e,edge_to_cloud,True,201,0.746966,
2026-08-22T18:41:19.221,4.1,TC02-batch-20260822T180830-a18476,TC06-20260822T183908529355-6de730,TC06,cloud_restoration_scoped_edge_to_cloud_sync,183908,v41-TC02-10-5-640996e8,edge_to_cloud,True,201,0.597532,
2026-08-22T18:41:19.222,4.1,TC02-batch-20260822T180830-a18476,TC06-20260822T183908529355-6de730,TC06,cloud_restoration_scoped_edge_to_cloud_sync,183908,v41-TC02-10-6-3dbae722,edge_to_cloud,True,201,0.664633,
2026-08-22T18:41:19.222,4.1,TC02-batch-20260822T180830-a18476,TC06-20260822T183908529355-6de730,TC06,cloud_restoration_scoped_edge_to_cloud_sync,183908,v41-TC02-10-7-dfb68697,edge_to_cloud,True,201,0.486721,
2026-08-22T18:41:19.223,4.1,TC02-batch-20260822T180830-a18476,TC06-20260822T183908529355-6de730,TC06,cloud_restoration_scoped_edge_to_cloud_sync,183908,v41-TC02-10-8-ba9337ba,edge_to_cloud,True,201,0.543386,
2026-08-22T18:41:19.224,4.1,TC02-batch-20260822T180830-a18476,TC06-20260822T183908529355-6de730,TC06,cloud_restoration_scoped_edge_to_cloud_sync,183908,v41-TC02-10-9-1a2e17d7,edge_to_cloud,True,201,0.506509,
2026-08-22T18:41:19.225,4.1,TC02-batch-20260822T180830-a18476,TC06-20260822T183908529355-6de730,TC06,cloud_restoration_scoped_edge_to_cloud_sync,183908,v41-TC02-10-10-3309bbde,edge_to_cloud,True,201,0.534309,
2026-08-22T18:41:19.226,4.1,TC02-batch-20260822T180830-a18476,TC06-20260822T183908529355-6de730,TC06,cloud_restoration_scoped_edge_to_cloud_sync,183908,v41-TC02-10-11-7f9d356d,edge_to_cloud,True,201,0.557976,
2026-08-22T18:41:19.227,4.1,TC02-batch-20260822T180830-a18476,TC06-20260822T183908529355-6de730,TC06,cloud_restoration_scoped_edge_to_cloud_sync,183908,v41-TC02-10-12-aa42ee52,edge_to_cloud,True,201,0.541058,
2026-08-22T18:41:19.227,4.1,TC02-batch-20260822T180830-a18476,TC06-20260822T183908529355-6de730,TC06,cloud_restoration_scoped_edge_to_cloud_sync,183908,v41-TC02-10-13-0f48b3bf,edge_to_cloud,True,201,0.676303,
2026-08-22T18:41:19.228,4.1,TC02-batch-20260822T180830-a18476,TC06-20260822T183908529355-6de730,TC06,cloud_restoration_scoped_edge_to_cloud_sync,183908,v41-TC02-10-14-027d505e,edge_to_cloud,True,201,0.585705,
2026-08-22T18:41:19.229,4.1,TC02-batch-20260822T180830-a18476,TC06-20260822T183908529355-6de730,TC06,cloud_restoration_scoped_edge_to_cloud_sync,183908,v41-TC02-10-15-dc4be8dc,edge_to_cloud,True,201,0.54234,
2026-08-22T18:41:19.230,4.1,TC02-batch-20260822T180830-a18476,TC06-20260822T183908529355-6de730,TC06,cloud_restoration_scoped_edge_to_cloud_sync,183908,v41-TC02-10-16-2470d27d,edge_to_cloud,True,201,0.35388,
2026-08-22T18:41:19.231,4.1,TC02-batch-20260822T180830-a18476,TC06-20260822T183908529355-6de730,TC06,cloud_restoration_scoped_edge_to_cloud_sync,183908,v41-TC02-10-17-2b872bfc,edge_to_cloud,True,201,0.365467,
2026-08-22T18:41:19.232,4.1,TC02-batch-20260822T180830-a18476,TC06-20260822T183908529355-6de730,TC06,cloud_restoration_scoped_edge_to_cloud_sync,183908,v41-TC02-10-18-5218ccd7,edge_to_cloud,True,201,0.455642,
2026-08-22T18:41:19.232,4.1,TC02-batch-20260822T180830-a18476,TC06-20260822T183908529355-6de730,TC06,cloud_restoration_scoped_edge_to_cloud_sync,183908,v41-TC02-10-19-1cee470e,edge_to_cloud,True,201,0.358484,
2026-08-22T18:41:19.233,4.1,TC02-batch-20260822T180830-a18476,TC06-20260822T183908529355-6de730,TC06,cloud_restoration_scoped_edge_to_cloud_sync,183908,v41-TC02-10-20-e07f55cf,edge_to_cloud,True,201,0.460813,
2026-08-22T18:41:19.234,4.1,TC02-batch-20260822T180830-a18476,TC06-20260822T183908529355-6de730,TC06,cloud_restoration_scoped_edge_to_cloud_sync,183908,v41-TC02-10-21-cf0f0971,edge_to_cloud,True,201,0.371728,
2026-08-22T18:41:19.235,4.1,TC02-batch-20260822T180830-a18476,TC06-20260822T183908529355-6de730,TC06,cloud_restoration_scoped_edge_to_cloud_sync,183908,v41-TC02-10-22-f989816a,edge_to_cloud,True,201,0.418597,
2026-08-22T18:41:19.236,4.1,TC02-batch-20260822T180830-a18476,TC06-20260822T183908529355-6de730,TC06,cloud_restoration_scoped_edge_to_cloud_sync,183908,v41-TC02-10-23-d8ad7d39,edge_to_cloud,True,201,0.478542,
2026-08-22T18:41:19.236,4.1,TC02-batch-20260822T180830-a18476,TC06-20260822T183908529355-6de730,TC06,cloud_restoration_scoped_edge_to_cloud_sync,183908,v41-TC02-10-24-721690bc,edge_to_cloud,True,201,0.366044,
2026-08-22T18:41:19.237,4.1,TC02-batch-20260822T180830-a18476,TC06-20260822T183908529355-6de730,TC06,cloud_restoration_scoped_edge_to_cloud_sync,183908,v41-TC02-10-25-67ecf3e6,edge_to_cloud,True,201,0.313117,
2026-08-22T18:41:19.238,4.1,TC02-batch-20260822T180830-a18476,TC06-20260822T183908529355-6de730,TC06,cloud_restoration_scoped_edge_to_cloud_sync,183908,v41-TC02-10-26-fdd0d6ac,edge_to_cloud,True,201,0.466614,
2026-08-22T18:41:19.238,4.1,TC02-batch-20260822T180830-a18476,TC06-20260822T183908529355-6de730,TC06,cloud_restoration_scoped_edge_to_cloud_sync,183908,v41-TC02-10-27-6625e925,edge_to_cloud,True,201,0.387935,
2026-08-22T18:41:19.239,4.1,TC02-batch-20260822T180830-a18476,TC06-20260822T183908529355-6de730,TC06,cloud_restoration_scoped_edge_to_cloud_sync,183908,v41-TC02-10-28-91ab3658,edge_to_cloud,True,201,0.35342,
2026-08-22T18:41:19.240,4.1,TC02-batch-20260822T180830-a18476,TC06-20260822T183908529355-6de730,TC06,cloud_restoration_scoped_edge_to_cloud_sync,183908,v41-TC02-10-29-92805557,edge_to_cloud,True,201,0.45533,
2026-08-22T18:41:19.241,4.1,TC02-batch-20260822T180830-a18476,TC06-20260822T183908529355-6de730,TC06,cloud_restoration_scoped_edge_to_cloud_sync,183908,v41-TC02-10-30-afc61005,edge_to_cloud,True,201,0.344095,
2026-08-22T18:42:09.612,4.1,TC07-batch-20260822T184151-4d9be0,TC07-20260822T184151255278-run1-7354ec,TC07,end_to_end_recovery_lifecycle,1,v41-TC07-1-1-51403923,edge_to_cloud,True,201,0.43184,
2026-08-22T18:42:09.613,4.1,TC07-batch-20260822T184151-4d9be0,TC07-20260822T184151255278-run1-7354ec,TC07,end_to_end_recovery_lifecycle,1,v41-TC07-1-2-a11365de,edge_to_cloud,True,201,0.538047,
2026-08-22T18:42:09.614,4.1,TC07-batch-20260822T184151-4d9be0,TC07-20260822T184151255278-run1-7354ec,TC07,end_to_end_recovery_lifecycle,1,v41-TC07-1-3-415fbc01,edge_to_cloud,True,201,0.46223,
2026-08-22T18:42:09.615,4.1,TC07-batch-20260822T184151-4d9be0,TC07-20260822T184151255278-run1-7354ec,TC07,end_to_end_recovery_lifecycle,1,v41-TC07-1-4-dd62245f,edge_to_cloud,True,201,0.347386,
2026-08-22T18:42:09.615,4.1,TC07-batch-20260822T184151-4d9be0,TC07-20260822T184151255278-run1-7354ec,TC07,end_to_end_recovery_lifecycle,1,v41-TC07-1-5-dbcebb76,edge_to_cloud,True,201,0.336994,
2026-08-22T18:42:09.616,4.1,TC07-batch-20260822T184151-4d9be0,TC07-20260822T184151255278-run1-7354ec,TC07,end_to_end_recovery_lifecycle,1,v41-TC07-1-6-e2d87258,edge_to_cloud,True,201,0.467119,
2026-08-22T18:42:09.617,4.1,TC07-batch-20260822T184151-4d9be0,TC07-20260822T184151255278-run1-7354ec,TC07,end_to_end_recovery_lifecycle,1,v41-TC07-1-7-2dcf30a0,edge_to_cloud,True,201,0.353657,
2026-08-22T18:42:09.618,4.1,TC07-batch-20260822T184151-4d9be0,TC07-20260822T184151255278-run1-7354ec,TC07,end_to_end_recovery_lifecycle,1,v41-TC07-1-8-ff2a2d51,edge_to_cloud,True,201,0.40111,
2026-08-22T18:42:09.619,4.1,TC07-batch-20260822T184151-4d9be0,TC07-20260822T184151255278-run1-7354ec,TC07,end_to_end_recovery_lifecycle,1,v41-TC07-1-9-f7a832dc,edge_to_cloud,True,201,0.360874,
2026-08-22T18:42:09.619,4.1,TC07-batch-20260822T184151-4d9be0,TC07-20260822T184151255278-run1-7354ec,TC07,end_to_end_recovery_lifecycle,1,v41-TC07-1-10-3243d47d,edge_to_cloud,True,201,0.299218,
2026-08-22T18:42:32.637,4.1,TC07-batch-20260822T184151-4d9be0,TC07-20260822T184214183587-run2-408c2c,TC07,end_to_end_recovery_lifecycle,2,v41-TC07-2-1-991a45bb,edge_to_cloud,True,201,1.919246,
2026-08-22T18:42:32.638,4.1,TC07-batch-20260822T184151-4d9be0,TC07-20260822T184214183587-run2-408c2c,TC07,end_to_end_recovery_lifecycle,2,v41-TC07-2-2-f8463e1e,edge_to_cloud,True,201,0.364711,
2026-08-22T18:42:32.638,4.1,TC07-batch-20260822T184151-4d9be0,TC07-20260822T184214183587-run2-408c2c,TC07,end_to_end_recovery_lifecycle,2,v41-TC07-2-3-121c6940,edge_to_cloud,True,201,0.331062,
2026-08-22T18:42:32.639,4.1,TC07-batch-20260822T184151-4d9be0,TC07-20260822T184214183587-run2-408c2c,TC07,end_to_end_recovery_lifecycle,2,v41-TC07-2-4-2a025044,edge_to_cloud,True,201,0.321886,
2026-08-22T18:42:32.640,4.1,TC07-batch-20260822T184151-4d9be0,TC07-20260822T184214183587-run2-408c2c,TC07,end_to_end_recovery_lifecycle,2,v41-TC07-2-5-cc166fe7,edge_to_cloud,True,201,0.334758,
2026-08-22T18:42:32.641,4.1,TC07-batch-20260822T184151-4d9be0,TC07-20260822T184214183587-run2-408c2c,TC07,end_to_end_recovery_lifecycle,2,v41-TC07-2-6-8cc1f89f,edge_to_cloud,True,201,0.352863,
2026-08-22T18:42:32.642,4.1,TC07-batch-20260822T184151-4d9be0,TC07-20260822T184214183587-run2-408c2c,TC07,end_to_end_recovery_lifecycle,2,v41-TC07-2-7-0cdc1284,edge_to_cloud,True,201,0.36644,
2026-08-22T18:42:32.643,4.1,TC07-batch-20260822T184151-4d9be0,TC07-20260822T184214183587-run2-408c2c,TC07,end_to_end_recovery_lifecycle,2,v41-TC07-2-8-f9f332f3,edge_to_cloud,True,201,0.368701,
2026-08-22T18:42:32.644,4.1,TC07-batch-20260822T184151-4d9be0,TC07-20260822T184214183587-run2-408c2c,TC07,end_to_end_recovery_lifecycle,2,v41-TC07-2-9-94b42f34,edge_to_cloud,True,201,0.352709,
2026-08-22T18:42:32.644,4.1,TC07-batch-20260822T184151-4d9be0,TC07-20260822T184214183587-run2-408c2c,TC07,end_to_end_recovery_lifecycle,2,v41-TC07-2-10-45717c91,edge_to_cloud,True,201,0.354576,
2026-08-22T18:42:58.429,4.1,TC07-batch-20260822T184151-4d9be0,TC07-20260822T184237197894-run3-c4c88e,TC07,end_to_end_recovery_lifecycle,3,v41-TC07-3-1-ae5b2764,edge_to_cloud,True,201,0.43188,
2026-08-22T18:42:58.430,4.1,TC07-batch-20260822T184151-4d9be0,TC07-20260822T184237197894-run3-c4c88e,TC07,end_to_end_recovery_lifecycle,3,v41-TC07-3-2-b9b6cdae,edge_to_cloud,True,201,0.416773,
2026-08-22T18:42:58.431,4.1,TC07-batch-20260822T184151-4d9be0,TC07-20260822T184237197894-run3-c4c88e,TC07,end_to_end_recovery_lifecycle,3,v41-TC07-3-3-b1c7ff34,edge_to_cloud,True,201,0.333634,
2026-08-22T18:42:58.432,4.1,TC07-batch-20260822T184151-4d9be0,TC07-20260822T184237197894-run3-c4c88e,TC07,end_to_end_recovery_lifecycle,3,v41-TC07-3-4-fb223253,edge_to_cloud,True,201,0.356115,
2026-08-22T18:42:58.432,4.1,TC07-batch-20260822T184151-4d9be0,TC07-20260822T184237197894-run3-c4c88e,TC07,end_to_end_recovery_lifecycle,3,v41-TC07-3-5-bb1fcd40,edge_to_cloud,True,201,0.366638,
2026-08-22T18:42:58.433,4.1,TC07-batch-20260822T184151-4d9be0,TC07-20260822T184237197894-run3-c4c88e,TC07,end_to_end_recovery_lifecycle,3,v41-TC07-3-6-d20cb109,edge_to_cloud,True,201,0.338008,
2026-08-22T18:42:58.434,4.1,TC07-batch-20260822T184151-4d9be0,TC07-20260822T184237197894-run3-c4c88e,TC07,end_to_end_recovery_lifecycle,3,v41-TC07-3-7-ca53da79,edge_to_cloud,True,201,0.362227,
2026-08-22T18:42:58.435,4.1,TC07-batch-20260822T184151-4d9be0,TC07-20260822T184237197894-run3-c4c88e,TC07,end_to_end_recovery_lifecycle,3,v41-TC07-3-8-e698800c,edge_to_cloud,True,201,0.33362,
2026-08-22T18:42:58.435,4.1,TC07-batch-20260822T184151-4d9be0,TC07-20260822T184237197894-run3-c4c88e,TC07,end_to_end_recovery_lifecycle,3,v41-TC07-3-9-e08de69a,edge_to_cloud,True,201,0.341052,
2026-08-22T18:42:58.436,4.1,TC07-batch-20260822T184151-4d9be0,TC07-20260822T184237197894-run3-c4c88e,TC07,end_to_end_recovery_lifecycle,3,v41-TC07-3-10-58360b6f,edge_to_cloud,True,201,0.355142,
2026-08-22T18:43:20.169,4.1,TC07-batch-20260822T184151-4d9be0,TC07-20260822T184303016055-run4-de86c9,TC07,end_to_end_recovery_lifecycle,4,v41-TC07-4-1-c068ec71,edge_to_cloud,True,201,0.368721,
2026-08-22T18:43:20.170,4.1,TC07-batch-20260822T184151-4d9be0,TC07-20260822T184303016055-run4-de86c9,TC07,end_to_end_recovery_lifecycle,4,v41-TC07-4-2-d9021c37,edge_to_cloud,True,201,0.347511,
2026-08-22T18:43:20.171,4.1,TC07-batch-20260822T184151-4d9be0,TC07-20260822T184303016055-run4-de86c9,TC07,end_to_end_recovery_lifecycle,4,v41-TC07-4-3-22cedca7,edge_to_cloud,True,201,0.409088,
2026-08-22T18:43:20.172,4.1,TC07-batch-20260822T184151-4d9be0,TC07-20260822T184303016055-run4-de86c9,TC07,end_to_end_recovery_lifecycle,4,v41-TC07-4-4-3d65ae45,edge_to_cloud,True,201,0.333107,
2026-08-22T18:43:20.172,4.1,TC07-batch-20260822T184151-4d9be0,TC07-20260822T184303016055-run4-de86c9,TC07,end_to_end_recovery_lifecycle,4,v41-TC07-4-5-b2fb57b6,edge_to_cloud,True,201,0.359436,
2026-08-22T18:43:20.173,4.1,TC07-batch-20260822T184151-4d9be0,TC07-20260822T184303016055-run4-de86c9,TC07,end_to_end_recovery_lifecycle,4,v41-TC07-4-6-c8448635,edge_to_cloud,True,201,0.366233,
2026-08-22T18:43:20.174,4.1,TC07-batch-20260822T184151-4d9be0,TC07-20260822T184303016055-run4-de86c9,TC07,end_to_end_recovery_lifecycle,4,v41-TC07-4-7-4b2ca2bb,edge_to_cloud,True,201,0.377876,
2026-08-22T18:43:20.175,4.1,TC07-batch-20260822T184151-4d9be0,TC07-20260822T184303016055-run4-de86c9,TC07,end_to_end_recovery_lifecycle,4,v41-TC07-4-8-36da4f8d,edge_to_cloud,True,201,0.347884,
2026-08-22T18:43:20.176,4.1,TC07-batch-20260822T184151-4d9be0,TC07-20260822T184303016055-run4-de86c9,TC07,end_to_end_recovery_lifecycle,4,v41-TC07-4-9-7d4c876e,edge_to_cloud,True,201,0.362593,
2026-08-22T18:43:20.177,4.1,TC07-batch-20260822T184151-4d9be0,TC07-20260822T184303016055-run4-de86c9,TC07,end_to_end_recovery_lifecycle,4,v41-TC07-4-10-cccd0559,edge_to_cloud,True,201,0.366247,
2026-08-22T18:43:44.448,4.1,TC07-batch-20260822T184151-4d9be0,TC07-20260822T184325225993-run5-95a7a2,TC07,end_to_end_recovery_lifecycle,5,v41-TC07-5-1-5dd4658f,edge_to_cloud,True,201,0.48809,
2026-08-22T18:43:44.449,4.1,TC07-batch-20260822T184151-4d9be0,TC07-20260822T184325225993-run5-95a7a2,TC07,end_to_end_recovery_lifecycle,5,v41-TC07-5-2-b4b89ace,edge_to_cloud,True,201,0.36722,
2026-08-22T18:43:44.450,4.1,TC07-batch-20260822T184151-4d9be0,TC07-20260822T184325225993-run5-95a7a2,TC07,end_to_end_recovery_lifecycle,5,v41-TC07-5-3-15ba04fa,edge_to_cloud,True,201,0.432908,
2026-08-22T18:43:44.451,4.1,TC07-batch-20260822T184151-4d9be0,TC07-20260822T184325225993-run5-95a7a2,TC07,end_to_end_recovery_lifecycle,5,v41-TC07-5-4-e05fff01,edge_to_cloud,True,201,0.366949,
2026-08-22T18:43:44.451,4.1,TC07-batch-20260822T184151-4d9be0,TC07-20260822T184325225993-run5-95a7a2,TC07,end_to_end_recovery_lifecycle,5,v41-TC07-5-5-be7f9c4b,edge_to_cloud,True,201,0.344384,
2026-08-22T18:43:44.452,4.1,TC07-batch-20260822T184151-4d9be0,TC07-20260822T184325225993-run5-95a7a2,TC07,end_to_end_recovery_lifecycle,5,v41-TC07-5-6-536a5286,edge_to_cloud,True,201,0.443006,
2026-08-22T18:43:44.452,4.1,TC07-batch-20260822T184151-4d9be0,TC07-20260822T184325225993-run5-95a7a2,TC07,end_to_end_recovery_lifecycle,5,v41-TC07-5-7-5a83c80f,edge_to_cloud,True,201,0.329345,
2026-08-22T18:43:44.453,4.1,TC07-batch-20260822T184151-4d9be0,TC07-20260822T184325225993-run5-95a7a2,TC07,end_to_end_recovery_lifecycle,5,v41-TC07-5-8-4bccbe0f,edge_to_cloud,True,201,0.333182,
2026-08-22T18:43:44.454,4.1,TC07-batch-20260822T184151-4d9be0,TC07-20260822T184325225993-run5-95a7a2,TC07,end_to_end_recovery_lifecycle,5,v41-TC07-5-9-2edcd0d4,edge_to_cloud,True,201,0.45498,
2026-08-22T18:43:44.454,4.1,TC07-batch-20260822T184151-4d9be0,TC07-20260822T184325225993-run5-95a7a2,TC07,end_to_end_recovery_lifecycle,5,v41-TC07-5-10-3afe3375,edge_to_cloud,True,201,0.356741,
2026-08-22T18:44:06.985,4.1,TC07-batch-20260822T184151-4d9be0,TC07-20260822T184349680910-run6-999928,TC07,end_to_end_recovery_lifecycle,6,v41-TC07-6-1-c9ff9e9e,edge_to_cloud,True,201,0.358912,
2026-08-22T18:44:06.988,4.1,TC07-batch-20260822T184151-4d9be0,TC07-20260822T184349680910-run6-999928,TC07,end_to_end_recovery_lifecycle,6,v41-TC07-6-2-aacad55d,edge_to_cloud,True,201,0.360719,
2026-08-22T18:44:06.990,4.1,TC07-batch-20260822T184151-4d9be0,TC07-20260822T184349680910-run6-999928,TC07,end_to_end_recovery_lifecycle,6,v41-TC07-6-3-dfb09ea3,edge_to_cloud,True,201,0.360657,
2026-08-22T18:44:06.993,4.1,TC07-batch-20260822T184151-4d9be0,TC07-20260822T184349680910-run6-999928,TC07,end_to_end_recovery_lifecycle,6,v41-TC07-6-4-467f252a,edge_to_cloud,True,201,0.357427,
2026-08-22T18:44:06.997,4.1,TC07-batch-20260822T184151-4d9be0,TC07-20260822T184349680910-run6-999928,TC07,end_to_end_recovery_lifecycle,6,v41-TC07-6-5-47acbcd3,edge_to_cloud,True,201,0.345642,
2026-08-22T18:44:06.999,4.1,TC07-batch-20260822T184151-4d9be0,TC07-20260822T184349680910-run6-999928,TC07,end_to_end_recovery_lifecycle,6,v41-TC07-6-6-2ed09bf7,edge_to_cloud,True,201,0.317779,
2026-08-22T18:44:07.006,4.1,TC07-batch-20260822T184151-4d9be0,TC07-20260822T184349680910-run6-999928,TC07,end_to_end_recovery_lifecycle,6,v41-TC07-6-7-3d26205a,edge_to_cloud,True,201,0.334314,
2026-08-22T18:44:07.008,4.1,TC07-batch-20260822T184151-4d9be0,TC07-20260822T184349680910-run6-999928,TC07,end_to_end_recovery_lifecycle,6,v41-TC07-6-8-4e779a84,edge_to_cloud,True,201,0.387328,
2026-08-22T18:44:07.016,4.1,TC07-batch-20260822T184151-4d9be0,TC07-20260822T184349680910-run6-999928,TC07,end_to_end_recovery_lifecycle,6,v41-TC07-6-9-9a56e487,edge_to_cloud,True,201,0.386761,
2026-08-22T18:44:07.018,4.1,TC07-batch-20260822T184151-4d9be0,TC07-20260822T184349680910-run6-999928,TC07,end_to_end_recovery_lifecycle,6,v41-TC07-6-10-0bb47d26,edge_to_cloud,True,201,0.347618,
2026-08-22T18:44:34.277,4.1,TC07-batch-20260822T184151-4d9be0,TC07-20260822T184411764715-run7-11dd42,TC07,end_to_end_recovery_lifecycle,7,v41-TC07-7-1-4e0595b7,edge_to_cloud,True,201,0.378942,
2026-08-22T18:44:34.278,4.1,TC07-batch-20260822T184151-4d9be0,TC07-20260822T184411764715-run7-11dd42,TC07,end_to_end_recovery_lifecycle,7,v41-TC07-7-2-221d029f,edge_to_cloud,True,201,0.355094,
2026-08-22T18:44:34.279,4.1,TC07-batch-20260822T184151-4d9be0,TC07-20260822T184411764715-run7-11dd42,TC07,end_to_end_recovery_lifecycle,7,v41-TC07-7-3-ac404007,edge_to_cloud,True,201,0.370065,
2026-08-22T18:44:34.280,4.1,TC07-batch-20260822T184151-4d9be0,TC07-20260822T184411764715-run7-11dd42,TC07,end_to_end_recovery_lifecycle,7,v41-TC07-7-4-25bbeeca,edge_to_cloud,True,201,0.351449,
2026-08-22T18:44:34.281,4.1,TC07-batch-20260822T184151-4d9be0,TC07-20260822T184411764715-run7-11dd42,TC07,end_to_end_recovery_lifecycle,7,v41-TC07-7-5-4df4ab34,edge_to_cloud,True,201,0.354886,
2026-08-22T18:44:34.282,4.1,TC07-batch-20260822T184151-4d9be0,TC07-20260822T184411764715-run7-11dd42,TC07,end_to_end_recovery_lifecycle,7,v41-TC07-7-6-fb37ab8b,edge_to_cloud,True,201,0.358083,
2026-08-22T18:44:34.283,4.1,TC07-batch-20260822T184151-4d9be0,TC07-20260822T184411764715-run7-11dd42,TC07,end_to_end_recovery_lifecycle,7,v41-TC07-7-7-e759e570,edge_to_cloud,True,201,0.354825,
2026-08-22T18:44:34.283,4.1,TC07-batch-20260822T184151-4d9be0,TC07-20260822T184411764715-run7-11dd42,TC07,end_to_end_recovery_lifecycle,7,v41-TC07-7-8-3eb473c5,edge_to_cloud,True,201,0.360946,
2026-08-22T18:44:34.284,4.1,TC07-batch-20260822T184151-4d9be0,TC07-20260822T184411764715-run7-11dd42,TC07,end_to_end_recovery_lifecycle,7,v41-TC07-7-9-ccafb73b,edge_to_cloud,True,201,0.354568,
2026-08-22T18:44:34.285,4.1,TC07-batch-20260822T184151-4d9be0,TC07-20260822T184411764715-run7-11dd42,TC07,end_to_end_recovery_lifecycle,7,v41-TC07-7-10-ac853568,edge_to_cloud,True,201,0.343342,
2026-08-22T18:44:57.878,4.1,TC07-batch-20260822T184151-4d9be0,TC07-20260822T184439061477-run8-9cf9e3,TC07,end_to_end_recovery_lifecycle,8,v41-TC07-8-1-d260cafa,edge_to_cloud,True,201,0.412237,
2026-08-22T18:44:57.879,4.1,TC07-batch-20260822T184151-4d9be0,TC07-20260822T184439061477-run8-9cf9e3,TC07,end_to_end_recovery_lifecycle,8,v41-TC07-8-2-065a7fdb,edge_to_cloud,True,201,0.488601,
2026-08-22T18:44:57.880,4.1,TC07-batch-20260822T184151-4d9be0,TC07-20260822T184439061477-run8-9cf9e3,TC07,end_to_end_recovery_lifecycle,8,v41-TC07-8-3-a9c4702e,edge_to_cloud,True,201,0.382237,
2026-08-22T18:44:57.881,4.1,TC07-batch-20260822T184151-4d9be0,TC07-20260822T184439061477-run8-9cf9e3,TC07,end_to_end_recovery_lifecycle,8,v41-TC07-8-4-8db2fb59,edge_to_cloud,True,201,0.370371,
2026-08-22T18:44:57.882,4.1,TC07-batch-20260822T184151-4d9be0,TC07-20260822T184439061477-run8-9cf9e3,TC07,end_to_end_recovery_lifecycle,8,v41-TC07-8-5-cd5173bd,edge_to_cloud,True,201,0.42271,
2026-08-22T18:44:57.883,4.1,TC07-batch-20260822T184151-4d9be0,TC07-20260822T184439061477-run8-9cf9e3,TC07,end_to_end_recovery_lifecycle,8,v41-TC07-8-6-e5fa03e2,edge_to_cloud,True,201,0.389052,
2026-08-22T18:44:57.885,4.1,TC07-batch-20260822T184151-4d9be0,TC07-20260822T184439061477-run8-9cf9e3,TC07,end_to_end_recovery_lifecycle,8,v41-TC07-8-7-0bbac46d,edge_to_cloud,True,201,0.460174,
2026-08-22T18:44:57.887,4.1,TC07-batch-20260822T184151-4d9be0,TC07-20260822T184439061477-run8-9cf9e3,TC07,end_to_end_recovery_lifecycle,8,v41-TC07-8-8-55edecac,edge_to_cloud,True,201,0.359449,
2026-08-22T18:44:57.889,4.1,TC07-batch-20260822T184151-4d9be0,TC07-20260822T184439061477-run8-9cf9e3,TC07,end_to_end_recovery_lifecycle,8,v41-TC07-8-9-953188f1,edge_to_cloud,True,201,0.344643,
2026-08-22T18:44:57.890,4.1,TC07-batch-20260822T184151-4d9be0,TC07-20260822T184439061477-run8-9cf9e3,TC07,end_to_end_recovery_lifecycle,8,v41-TC07-8-10-76a85b9b,edge_to_cloud,True,201,0.482074,
2026-08-22T18:45:21.543,4.1,TC07-batch-20260822T184151-4d9be0,TC07-20260822T184502878370-run9-27309f,TC07,end_to_end_recovery_lifecycle,9,v41-TC07-9-1-9d07dbda,edge_to_cloud,True,201,0.456611,
2026-08-22T18:45:21.544,4.1,TC07-batch-20260822T184151-4d9be0,TC07-20260822T184502878370-run9-27309f,TC07,end_to_end_recovery_lifecycle,9,v41-TC07-9-2-cd82010b,edge_to_cloud,True,201,0.388917,
2026-08-22T18:45:21.545,4.1,TC07-batch-20260822T184151-4d9be0,TC07-20260822T184502878370-run9-27309f,TC07,end_to_end_recovery_lifecycle,9,v41-TC07-9-3-119598a8,edge_to_cloud,True,201,0.478146,
2026-08-22T18:45:21.546,4.1,TC07-batch-20260822T184151-4d9be0,TC07-20260822T184502878370-run9-27309f,TC07,end_to_end_recovery_lifecycle,9,v41-TC07-9-4-3e9bc46f,edge_to_cloud,True,201,0.481209,
2026-08-22T18:45:21.547,4.1,TC07-batch-20260822T184151-4d9be0,TC07-20260822T184502878370-run9-27309f,TC07,end_to_end_recovery_lifecycle,9,v41-TC07-9-5-63876468,edge_to_cloud,True,201,0.384437,
2026-08-22T18:45:21.548,4.1,TC07-batch-20260822T184151-4d9be0,TC07-20260822T184502878370-run9-27309f,TC07,end_to_end_recovery_lifecycle,9,v41-TC07-9-6-6d196dec,edge_to_cloud,True,201,0.44164,
2026-08-22T18:45:21.549,4.1,TC07-batch-20260822T184151-4d9be0,TC07-20260822T184502878370-run9-27309f,TC07,end_to_end_recovery_lifecycle,9,v41-TC07-9-7-0ff26b41,edge_to_cloud,True,201,0.394336,
2026-08-22T18:45:21.550,4.1,TC07-batch-20260822T184151-4d9be0,TC07-20260822T184502878370-run9-27309f,TC07,end_to_end_recovery_lifecycle,9,v41-TC07-9-8-b27041af,edge_to_cloud,True,201,0.394777,
2026-08-22T18:45:21.551,4.1,TC07-batch-20260822T184151-4d9be0,TC07-20260822T184502878370-run9-27309f,TC07,end_to_end_recovery_lifecycle,9,v41-TC07-9-9-31654321,edge_to_cloud,True,201,0.414929,
2026-08-22T18:45:21.551,4.1,TC07-batch-20260822T184151-4d9be0,TC07-20260822T184502878370-run9-27309f,TC07,end_to_end_recovery_lifecycle,9,v41-TC07-9-10-bd86a5d6,edge_to_cloud,True,201,0.376444,
2026-08-22T18:45:45.484,4.1,TC07-batch-20260822T184151-4d9be0,TC07-20260822T184526556295-run10-69bf45,TC07,end_to_end_recovery_lifecycle,10,v41-TC07-10-1-00442695,edge_to_cloud,True,201,0.385312,
2026-08-22T18:45:45.485,4.1,TC07-batch-20260822T184151-4d9be0,TC07-20260822T184526556295-run10-69bf45,TC07,end_to_end_recovery_lifecycle,10,v41-TC07-10-2-4a11b6d3,edge_to_cloud,True,201,0.377867,
2026-08-22T18:45:45.485,4.1,TC07-batch-20260822T184151-4d9be0,TC07-20260822T184526556295-run10-69bf45,TC07,end_to_end_recovery_lifecycle,10,v41-TC07-10-3-f6860b6a,edge_to_cloud,True,201,0.401178,
2026-08-22T18:45:45.486,4.1,TC07-batch-20260822T184151-4d9be0,TC07-20260822T184526556295-run10-69bf45,TC07,end_to_end_recovery_lifecycle,10,v41-TC07-10-4-cb8cfbad,edge_to_cloud,True,201,0.351133,
2026-08-22T18:45:45.487,4.1,TC07-batch-20260822T184151-4d9be0,TC07-20260822T184526556295-run10-69bf45,TC07,end_to_end_recovery_lifecycle,10,v41-TC07-10-5-441dfd46,edge_to_cloud,True,201,0.340938,
2026-08-22T18:45:45.488,4.1,TC07-batch-20260822T184151-4d9be0,TC07-20260822T184526556295-run10-69bf45,TC07,end_to_end_recovery_lifecycle,10,v41-TC07-10-6-472c6828,edge_to_cloud,True,201,0.388708,
2026-08-22T18:45:45.489,4.1,TC07-batch-20260822T184151-4d9be0,TC07-20260822T184526556295-run10-69bf45,TC07,end_to_end_recovery_lifecycle,10,v41-TC07-10-7-e6e0341a,edge_to_cloud,True,201,0.367506,
2026-08-22T18:45:45.490,4.1,TC07-batch-20260822T184151-4d9be0,TC07-20260822T184526556295-run10-69bf45,TC07,end_to_end_recovery_lifecycle,10,v41-TC07-10-8-5ea30f68,edge_to_cloud,True,201,0.344446,
2026-08-22T18:45:45.491,4.1,TC07-batch-20260822T184151-4d9be0,TC07-20260822T184526556295-run10-69bf45,TC07,end_to_end_recovery_lifecycle,10,v41-TC07-10-9-b672b1f1,edge_to_cloud,True,201,0.36594,
2026-08-22T18:45:45.491,4.1,TC07-batch-20260822T184151-4d9be0,TC07-20260822T184526556295-run10-69bf45,TC07,end_to_end_recovery_lifecycle,10,v41-TC07-10-10-5fcd568f,edge_to_cloud,True,201,0.3098,
